trans_date,receipt_no,cashier_name,item_scanned,unit_price,qty,total_paid,payment_method
2023-05-28,RCPT-22453,Alex,Milk 1L,10.42,3,6.54,Mobile
2023-05-20,RCPT-52035,Jordan,Coffee,4.01,4,25.59,Cash
2023-05-27,RCPT-57414,Sam,Apple 1kg,9.54,2,39.88,Credit
2023-06-26,RCPT-77502,Sam,Coffee,7.76,2,35.96,Cash
2023-06-08,RCPT-35680,Alex,Apple 1kg,7.24,1,56.29,Debit
2023-08-05,RCPT-60751,Casey,Bread,4.63,2,20.45,Cash
2023-05-12,RCPT-31385,Jordan,Coffee,3.09,1,16.48,Debit
2023-06-29,RCPT-87983,Jordan,Bread,3.9,3,46.96,Cash
2023-05-29,RCPT-24642,Alex,Coffee,4.48,4,14.21,Cash
2023-05-28,RCPT-11322,Casey,Milk 1L,6.64,4,29.87,Debit
2023-05-06,RCPT-25503,Sam,Milk 1L,10.34,3,34.64,Credit
2023-05-13,RCPT-81224,Casey,Apple 1kg,8.21,3,44.6,Credit
2023-07-30,RCPT-90169,Casey,Coffee,8.96,1,22.77,Debit
2023-07-12,RCPT-41173,Alex,Apple 1kg,2.37,4,46.44,Cash
2023-05-17,RCPT-83336,Sam,Milk 1L,4.79,3,8.37,Mobile
2023-07-15,RCPT-95054,Alex,Apple 1kg,10.6,3,9.14,Debit
2023-06-30,RCPT-93495,Alex,Bread,6.33,1,15.15,Credit
2023-07-31,RCPT-88911,Casey,Bread,2.63,2,5.24,Debit
2023-07-10,RCPT-88908,Alex,Bread,10.82,2,28.32,Cash
2023-05-11,RCPT-97589,Sam,Milk 1L,5.74,1,9.54,Debit
2023-06-03,RCPT-98083,Jordan,Bread,11.63,1,42.02,Cash
2023-05-29,RCPT-78895,Jordan,Apple 1kg,7.25,2,14.85,Mobile
2023-05-17,RCPT-72446,Sam,Bread,10.55,1,50.91,Mobile
2023-06-13,RCPT-44328,Alex,Bread,8.03,1,10.86,Cash
2023-06-07,RCPT-78564,Sam,Coffee,5.22,1,13.41,Debit
2023-06-29,RCPT-54417,Casey,Coffee,6.44,1,25.0,Debit
2023-05-04,RCPT-11989,Alex,Bread,10.85,3,35.0,Cash
2023-05-20,RCPT-89060,Sam,Coffee,3.69,3,10.25,Cash
2023-07-30,RCPT-43275,Jordan,Milk 1L,11.34,2,10.3,Credit
2023-05-16,RCPT-16705,Casey,Bread,3.11,4,8.63,Mobile
2023-07-10,RCPT-86125,Casey,Apple 1kg,10.88,2,59.24,Cash
2023-05-15,RCPT-97668,Sam,Milk 1L,6.19,3,22.67,Debit
2023-08-04,RCPT-16771,Alex,Bread,8.32,2,25.31,Cash
2023-08-08,RCPT-69857,Casey,Bread,1.83,3,17.69,Cash
2023-07-05,RCPT-69771,Sam,Eggs 12ct,6.66,3,7.91,Mobile
2023-07-03,RCPT-56257,Alex,Milk 1L,9.94,2,14.19,Credit
2023-07-29,RCPT-55886,Alex,Apple 1kg,8.94,3,39.23,Cash
2023-07-23,RCPT-41898,Jordan,Bread,11.91,3,52.53,Cash
2023-05-20,RCPT-62998,Casey,Eggs 12ct,3.11,4,47.19,Debit
2023-06-05,RCPT-88232,Sam,Coffee,5.18,2,3.51,Debit
2023-05-30,RCPT-27233,Alex,Bread,3.54,1,44.78,Credit
2023-07-19,RCPT-87257,Alex,Coffee,11.46,3,53.52,Cash
2023-06-17,RCPT-11195,Casey,Milk 1L,10.29,4,40.95,Mobile
2023-07-03,RCPT-85798,Jordan,Apple 1kg,3.15,3,58.55,Debit
2023-07-12,RCPT-59632,Casey,Coffee,2.54,1,51.25,Mobile
2023-08-03,RCPT-41916,Sam,Bread,5.0,4,59.95,Credit
2023-08-06,RCPT-86601,Jordan,Eggs 12ct,3.42,1,12.4,Mobile
2023-06-05,RCPT-94756,Sam,Bread,11.07,2,37.15,Cash
2023-07-20,RCPT-34480,Alex,Apple 1kg,9.64,2,47.55,Credit
2023-05-16,RCPT-22588,Sam,Apple 1kg,11.68,4,6.84,Credit
2023-05-19,RCPT-77213,Jordan,Bread,3.61,4,56.71,Mobile
2023-07-09,RCPT-57134,Sam,Bread,6.84,2,46.34,Mobile
2023-05-30,RCPT-90201,Jordan,Bread,3.64,1,2.75,Cash
2023-06-09,RCPT-39147,Casey,Eggs 12ct,9.96,3,31.59,Cash
2023-07-15,RCPT-44658,Casey,Bread,11.75,1,14.94,Debit
2023-05-28,RCPT-67863,Jordan,Bread,7.99,1,55.69,Credit
2023-08-05,RCPT-92042,Jordan,Coffee,2.62,3,54.77,Debit
2023-08-03,RCPT-40657,Sam,Apple 1kg,8.55,2,17.74,Debit
2023-06-09,RCPT-12284,Jordan,Eggs 12ct,8.29,3,9.77,Credit
2023-08-06,RCPT-28969,Alex,Apple 1kg,4.27,2,37.98,Cash
2023-05-28,RCPT-85195,Jordan,Coffee,9.89,1,57.26,Mobile
2023-06-06,RCPT-89065,Jordan,Bread,5.74,2,23.61,Credit
2023-05-25,RCPT-65160,Jordan,Bread,2.01,1,36.48,Credit
2023-07-01,RCPT-41143,Casey,Eggs 12ct,6.63,1,37.64,Debit
2023-06-02,RCPT-64096,Sam,Apple 1kg,3.26,1,13.71,Credit
2023-07-23,RCPT-32403,Jordan,Apple 1kg,6.11,4,53.9,Cash
2023-05-06,RCPT-74891,Jordan,Milk 1L,3.03,3,22.33,Cash
2023-06-20,RCPT-18503,Casey,Apple 1kg,4.14,1,9.91,Debit
2023-08-07,RCPT-93104,Sam,Apple 1kg,3.3,3,10.39,Debit
2023-06-10,RCPT-75390,Casey,Milk 1L,7.79,1,14.08,Credit
2023-06-18,RCPT-80487,Jordan,Bread,5.02,1,7.61,Cash
2023-07-29,RCPT-89220,Jordan,Apple 1kg,8.06,1,29.52,Mobile
2023-07-08,RCPT-53403,Jordan,Milk 1L,7.58,4,9.75,Mobile
2023-06-26,RCPT-72649,Alex,Milk 1L,5.81,3,31.15,Cash
2023-06-05,RCPT-86813,Sam,Coffee,5.04,1,24.54,Cash
2023-06-11,RCPT-70868,Sam,Coffee,5.89,2,25.23,Credit
2023-06-06,RCPT-98035,Alex,Eggs 12ct,10.88,2,39.02,Credit
2023-06-23,RCPT-55653,Alex,Apple 1kg,5.75,2,15.55,Debit
2023-07-28,RCPT-22262,Sam,Bread,5.43,4,51.24,Debit
2023-06-06,RCPT-50547,Sam,Bread,3.45,3,39.28,Cash
2023-06-27,RCPT-63701,Sam,Eggs 12ct,8.2,2,2.17,Debit
2023-07-21,RCPT-12446,Sam,Apple 1kg,9.19,4,27.82,Credit
2023-05-24,RCPT-55402,Casey,Apple 1kg,7.01,3,28.56,Mobile
2023-05-13,RCPT-99336,Sam,Eggs 12ct,3.74,2,5.37,Cash
2023-08-04,RCPT-31885,Jordan,Apple 1kg,9.34,3,30.83,Cash
2023-05-09,RCPT-65277,Jordan,Bread,9.16,3,55.4,Credit
2023-07-15,RCPT-19308,Jordan,Eggs 12ct,4.16,2,17.42,Cash
2023-07-06,RCPT-36346,Jordan,Coffee,4.42,1,23.77,Debit
2023-07-15,RCPT-96535,Casey,Bread,7.49,4,56.97,Mobile
2023-07-05,RCPT-88329,Casey,Apple 1kg,11.15,4,56.23,Cash
2023-07-09,RCPT-38857,Sam,Milk 1L,7.74,2,47.99,Mobile
2023-05-29,RCPT-55947,Jordan,Milk 1L,6.94,2,37.51,Cash
2023-06-26,RCPT-24665,Casey,Apple 1kg,3.42,1,15.39,Credit
2023-07-22,RCPT-24628,Alex,Coffee,3.36,2,30.66,Credit
2023-06-28,RCPT-82723,Casey,Milk 1L,3.48,4,20.29,Credit
2023-06-06,RCPT-47867,Sam,Eggs 12ct,3.21,2,14.28,Debit
2023-08-07,RCPT-97404,Jordan,Coffee,5.66,1,42.12,Credit
2023-05-04,RCPT-72690,Sam,Milk 1L,1.98,3,16.07,Mobile
2023-05-09,RCPT-50296,Alex,Milk 1L,4.27,3,55.24,Mobile
2023-05-28,RCPT-18651,Sam,Apple 1kg,6.16,4,55.81,Cash
2023-05-23,RCPT-70343,Alex,Coffee,11.54,3,8.35,Cash
2023-06-05,RCPT-58802,Sam,Milk 1L,7.78,4,25.44,Credit
2023-07-09,RCPT-61157,Alex,Bread,11.88,3,54.65,Mobile
2023-07-08,RCPT-54632,Casey,Coffee,6.79,2,38.65,Mobile
2023-05-02,RCPT-99550,Alex,Milk 1L,4.62,3,36.0,Credit
2023-05-03,RCPT-69235,Sam,Coffee,5.08,1,24.36,Debit
2023-07-13,RCPT-50928,Alex,Milk 1L,9.65,4,57.05,Mobile
2023-06-03,RCPT-46185,Casey,Apple 1kg,6.02,2,1.85,Debit
2023-05-31,RCPT-29472,Jordan,Bread,10.89,3,38.01,Mobile
2023-05-08,RCPT-79125,Sam,Bread,6.79,3,59.84,Credit
2023-05-07,RCPT-64678,Jordan,Bread,8.72,4,57.6,Debit
2023-07-30,RCPT-45270,Casey,Milk 1L,10.57,4,45.77,Credit
2023-07-27,RCPT-32014,Jordan,Milk 1L,5.15,1,56.75,Cash
2023-08-02,RCPT-90324,Jordan,Bread,9.31,3,6.88,Credit
2023-07-10,RCPT-39050,Sam,Coffee,2.67,4,19.08,Credit
2023-05-31,RCPT-24523,Casey,Apple 1kg,5.46,1,52.27,Mobile
2023-07-18,RCPT-94167,Jordan,Bread,10.31,4,57.1,Credit
2023-05-06,RCPT-31580,Sam,Apple 1kg,7.66,4,41.7,Cash
2023-05-03,RCPT-31325,Jordan,Milk 1L,5.92,1,44.91,Debit
2023-06-29,RCPT-30434,Sam,Milk 1L,10.76,4,13.76,Cash
2023-05-18,RCPT-66435,Sam,Eggs 12ct,3.79,2,29.18,Debit
2023-07-22,RCPT-97080,Alex,Eggs 12ct,11.06,4,8.12,Credit
2023-05-13,RCPT-99296,Casey,Coffee,3.08,3,50.52,Cash
2023-05-15,RCPT-12925,Sam,Milk 1L,6.89,3,21.57,Cash
2023-07-06,RCPT-60700,Jordan,Apple 1kg,4.41,2,31.34,Debit
2023-06-09,RCPT-57632,Casey,Milk 1L,7.31,3,40.2,Mobile
2023-07-08,RCPT-85447,Alex,Bread,3.12,1,20.09,Mobile
2023-05-15,RCPT-99302,Jordan,Milk 1L,5.45,1,22.0,Debit
2023-07-29,RCPT-89027,Casey,Eggs 12ct,4.47,4,12.05,Cash
2023-06-30,RCPT-31184,Jordan,Coffee,10.88,4,18.51,Credit
2023-06-06,RCPT-68652,Jordan,Milk 1L,2.04,1,8.44,Credit
2023-06-13,RCPT-55170,Jordan,Eggs 12ct,4.98,1,7.85,Debit
2023-06-22,RCPT-58074,Jordan,Bread,2.53,4,49.85,Cash
2023-07-19,RCPT-73002,Casey,Eggs 12ct,3.3,4,27.92,Debit
2023-06-12,RCPT-46351,Casey,Eggs 12ct,10.2,3,53.93,Debit
2023-07-07,RCPT-51390,Sam,Eggs 12ct,2.25,2,22.74,Cash
2023-07-26,RCPT-94944,Alex,Eggs 12ct,4.61,4,50.54,Credit
2023-06-20,RCPT-58924,Alex,Coffee,4.61,1,6.16,Mobile
2023-07-17,RCPT-50607,Casey,Bread,11.05,4,42.2,Mobile
2023-05-11,RCPT-98055,Casey,Apple 1kg,10.57,1,32.47,Debit
2023-05-07,RCPT-99732,Casey,Bread,2.25,1,10.27,Debit
2023-06-24,RCPT-87338,Sam,Bread,9.82,4,48.02,Cash
2023-05-31,RCPT-46849,Sam,Eggs 12ct,10.05,2,17.08,Cash
2023-07-11,RCPT-70885,Jordan,Bread,2.96,4,4.86,Cash
2023-06-26,RCPT-55206,Alex,Bread,8.67,4,51.34,Cash
2023-07-10,RCPT-29750,Alex,Coffee,7.63,3,44.22,Credit
2023-05-15,RCPT-90189,Jordan,Apple 1kg,4.58,4,2.1,Mobile
2023-08-07,RCPT-90979,Alex,Apple 1kg,11.59,1,41.99,Cash
2023-07-27,RCPT-71431,Alex,Apple 1kg,3.11,3,43.57,Cash
2023-06-23,RCPT-81713,Jordan,Coffee,9.06,1,56.28,Mobile
2023-06-17,RCPT-40782,Casey,Milk 1L,6.63,3,53.19,Debit
2023-06-19,RCPT-98776,Alex,Eggs 12ct,9.46,1,22.26,Mobile
2023-05-03,RCPT-15749,Alex,Coffee,7.68,1,56.88,Mobile
2023-06-15,RCPT-92202,Alex,Eggs 12ct,11.4,4,50.32,Debit
2023-07-21,RCPT-38234,Jordan,Bread,11.19,3,40.66,Mobile
2023-05-24,RCPT-32569,Alex,Milk 1L,11.77,3,40.93,Mobile
2023-07-21,RCPT-68496,Casey,Coffee,4.66,2,6.0,Credit
2023-08-02,RCPT-64680,Alex,Coffee,9.92,3,17.55,Debit
2023-07-18,RCPT-33050,Casey,Coffee,3.95,2,27.57,Cash
2023-08-01,RCPT-61029,Alex,Milk 1L,10.58,1,32.25,Mobile
2023-08-08,RCPT-51788,Jordan,Eggs 12ct,1.78,4,58.25,Credit
2023-07-11,RCPT-98036,Jordan,Apple 1kg,8.34,4,43.18,Mobile
2023-08-07,RCPT-67464,Casey,Coffee,10.38,3,37.15,Cash
2023-05-09,RCPT-85264,Jordan,Eggs 12ct,11.25,2,58.44,Debit
2023-05-08,RCPT-23166,Jordan,Apple 1kg,11.92,1,59.65,Debit
2023-05-20,RCPT-92184,Casey,Apple 1kg,4.22,4,19.21,Mobile
2023-08-07,RCPT-50077,Casey,Coffee,5.81,2,34.17,Credit
2023-05-08,RCPT-47272,Sam,Milk 1L,4.2,3,1.99,Credit
2023-05-09,RCPT-95421,Jordan,Milk 1L,7.92,1,42.5,Cash
2023-07-31,RCPT-69992,Jordan,Eggs 12ct,8.22,3,16.97,Credit
2023-06-11,RCPT-41553,Alex,Apple 1kg,7.18,1,30.37,Mobile
2023-05-23,RCPT-44608,Sam,Apple 1kg,9.62,4,5.71,Credit
2023-06-11,RCPT-56807,Jordan,Milk 1L,2.99,1,30.59,Mobile
2023-06-26,RCPT-48181,Jordan,Coffee,4.52,3,58.37,Mobile
2023-06-17,RCPT-22013,Jordan,Milk 1L,7.92,3,45.27,Mobile
2023-07-06,RCPT-64974,Casey,Bread,9.63,4,21.67,Cash
2023-05-26,RCPT-13163,Alex,Coffee,10.68,4,30.77,Cash
2023-05-04,RCPT-89142,Alex,Apple 1kg,8.55,2,51.34,Cash
2023-08-08,RCPT-89213,Alex,Bread,7.55,1,57.28,Mobile
2023-06-04,RCPT-18040,Jordan,Apple 1kg,5.17,3,7.35,Mobile
2023-05-22,RCPT-24884,Jordan,Apple 1kg,5.84,1,14.45,Cash
2023-05-22,RCPT-89802,Sam,Coffee,3.09,4,3.77,Cash
2023-06-23,RCPT-25960,Casey,Milk 1L,2.74,1,20.07,Mobile
2023-05-11,RCPT-12629,Sam,Milk 1L,3.5,2,53.31,Credit
2023-07-08,RCPT-76811,Alex,Bread,2.38,4,39.48,Debit
2023-06-25,RCPT-74217,Casey,Milk 1L,6.75,1,40.5,Mobile
2023-06-21,RCPT-75407,Sam,Eggs 12ct,8.5,4,9.91,Mobile
2023-06-07,RCPT-77901,Jordan,Apple 1kg,3.76,4,26.91,Mobile
2023-06-20,RCPT-37161,Alex,Milk 1L,1.92,3,10.54,Credit
2023-06-02,RCPT-89884,Casey,Eggs 12ct,5.47,4,4.05,Debit
2023-05-20,RCPT-36874,Casey,Eggs 12ct,7.83,4,20.97,Mobile
2023-07-13,RCPT-67597,Alex,Milk 1L,9.84,1,48.71,Debit
2023-07-09,RCPT-53831,Casey,Coffee,7.08,3,52.42,Credit
2023-05-08,RCPT-99274,Sam,Coffee,6.93,3,29.79,Debit
2023-05-18,RCPT-36507,Casey,Milk 1L,1.71,2,30.6,Debit
2023-05-10,RCPT-38076,Jordan,Apple 1kg,8.75,3,6.05,Mobile
2023-05-21,RCPT-53254,Jordan,Apple 1kg,11.26,1,10.01,Mobile
2023-05-08,RCPT-27052,Jordan,Eggs 12ct,10.11,4,3.9,Debit
2023-07-20,RCPT-11506,Jordan,Coffee,1.98,2,50.66,Debit
2023-06-03,RCPT-15452,Alex,Eggs 12ct,1.84,4,6.53,Debit
2023-06-08,RCPT-92491,Alex,Coffee,10.17,2,40.95,Debit
2023-07-20,RCPT-17802,Alex,Coffee,10.93,4,10.39,Credit
2023-05-02,RCPT-83103,Alex,Coffee,6.99,4,4.36,Credit
2023-06-26,RCPT-28469,Alex,Bread,11.95,1,27.65,Credit
2023-05-14,RCPT-67574,Casey,Coffee,4.54,2,5.38,Debit
2023-08-08,RCPT-20108,Jordan,Coffee,7.4,3,13.79,Cash
2023-07-01,RCPT-94597,Casey,Milk 1L,7.17,3,48.69,Debit
2023-05-31,RCPT-49741,Casey,Coffee,5.19,1,19.44,Debit
2023-05-20,RCPT-51146,Sam,Milk 1L,2.82,4,49.97,Credit
2023-08-06,RCPT-34415,Casey,Bread,2.34,3,21.02,Credit
2023-06-25,RCPT-92438,Jordan,Bread,9.25,1,42.73,Cash
2023-07-03,RCPT-83670,Jordan,Apple 1kg,6.51,1,17.32,Cash
2023-05-08,RCPT-88718,Casey,Bread,9.04,3,19.71,Credit
2023-08-03,RCPT-56999,Alex,Apple 1kg,8.74,1,31.61,Debit
2023-06-23,RCPT-37750,Jordan,Bread,8.39,2,21.77,Credit
2023-07-05,RCPT-54766,Sam,Milk 1L,2.92,1,15.88,Cash
2023-05-16,RCPT-18107,Jordan,Bread,3.8,2,37.21,Credit
2023-06-09,RCPT-62463,Casey,Bread,1.56,1,35.23,Debit
2023-07-19,RCPT-26497,Casey,Apple 1kg,8.24,2,33.89,Mobile
2023-05-12,RCPT-25782,Sam,Bread,10.47,2,12.83,Debit
2023-07-01,RCPT-40578,Alex,Coffee,9.8,3,15.19,Cash
2023-07-16,RCPT-84842,Sam,Milk 1L,10.21,3,28.96,Credit
2023-07-22,RCPT-48499,Sam,Eggs 12ct,1.9,1,33.13,Mobile
2023-06-29,RCPT-87286,Alex,Eggs 12ct,11.91,1,12.0,Cash
2023-07-27,RCPT-62938,Casey,Coffee,2.22,1,29.58,Mobile
2023-05-13,RCPT-60776,Alex,Apple 1kg,11.77,2,29.21,Cash
2023-07-15,RCPT-37228,Jordan,Coffee,9.05,3,44.32,Mobile
2023-06-26,RCPT-13272,Sam,Apple 1kg,4.41,1,34.85,Mobile
2023-06-11,RCPT-52305,Casey,Eggs 12ct,5.85,4,55.94,Debit
2023-07-10,RCPT-11191,Jordan,Milk 1L,8.15,3,38.59,Mobile
2023-06-05,RCPT-97958,Casey,Bread,4.8,4,23.55,Mobile
2023-05-13,RCPT-68112,Alex,Coffee,7.39,1,10.52,Mobile
2023-07-07,RCPT-56792,Jordan,Apple 1kg,1.69,1,48.63,Debit
2023-05-13,RCPT-17886,Casey,Coffee,8.5,1,43.43,Cash
2023-08-01,RCPT-11587,Sam,Eggs 12ct,4.7,4,31.72,Debit
2023-06-20,RCPT-11131,Casey,Eggs 12ct,9.28,3,56.57,Cash
2023-06-02,RCPT-91471,Casey,Apple 1kg,1.78,3,40.5,Cash
2023-07-29,RCPT-17961,Sam,Milk 1L,4.88,1,36.35,Mobile
2023-05-01,RCPT-96863,Jordan,Milk 1L,9.93,2,15.13,Credit
2023-07-16,RCPT-15254,Casey,Eggs 12ct,10.33,3,29.95,Cash
2023-07-29,RCPT-54088,Casey,Eggs 12ct,11.66,1,18.8,Mobile
2023-06-28,RCPT-67616,Casey,Coffee,6.82,3,14.74,Debit
2023-06-01,RCPT-29155,Jordan,Eggs 12ct,3.37,3,53.25,Mobile
2023-05-07,RCPT-90397,Alex,Apple 1kg,10.68,4,11.93,Debit
2023-06-25,RCPT-50644,Jordan,Coffee,3.37,2,58.81,Mobile
2023-07-24,RCPT-14082,Sam,Apple 1kg,11.75,3,50.03,Mobile
2023-05-19,RCPT-44511,Casey,Bread,11.01,3,44.96,Credit
2023-05-23,RCPT-51856,Casey,Apple 1kg,4.56,2,13.95,Mobile
2023-05-31,RCPT-81220,Jordan,Apple 1kg,1.67,2,16.74,Credit
2023-05-26,RCPT-86262,Jordan,Bread,6.12,1,41.61,Debit
2023-07-25,RCPT-14342,Jordan,Eggs 12ct,4.11,3,40.01,Cash
2023-06-22,RCPT-60906,Jordan,Eggs 12ct,7.74,4,54.91,Debit
2023-06-13,RCPT-56705,Jordan,Milk 1L,3.49,1,48.08,Cash
2023-06-16,RCPT-45142,Casey,Milk 1L,5.07,2,22.44,Mobile
2023-07-27,RCPT-20891,Sam,Milk 1L,7.66,4,49.26,Debit
2023-05-03,RCPT-90388,Jordan,Coffee,7.72,2,6.01,Mobile
2023-05-30,RCPT-46047,Sam,Eggs 12ct,4.33,4,14.21,Mobile
2023-07-11,RCPT-85197,Alex,Milk 1L,9.66,4,13.04,Cash
2023-05-12,RCPT-88937,Jordan,Milk 1L,6.04,4,51.44,Mobile
2023-07-26,RCPT-65149,Casey,Bread,3.9,4,29.64,Credit
2023-05-10,RCPT-26121,Casey,Bread,7.87,2,7.39,Mobile
2023-05-01,RCPT-47497,Jordan,Apple 1kg,1.5,3,50.93,Mobile
2023-06-27,RCPT-38473,Jordan,Apple 1kg,9.21,4,55.86,Cash
2023-05-27,RCPT-17084,Casey,Coffee,10.03,2,52.14,Cash
2023-06-25,RCPT-65341,Casey,Bread,9.74,4,34.4,Mobile
2023-05-09,RCPT-54735,Jordan,Milk 1L,4.92,1,20.2,Mobile
2023-06-28,RCPT-66559,Jordan,Coffee,3.11,3,3.01,Debit
2023-05-30,RCPT-72630,Alex,Coffee,4.5,3,26.58,Debit
2023-05-05,RCPT-63075,Casey,Coffee,9.68,2,8.71,Cash
2023-08-03,RCPT-15640,Casey,Apple 1kg,1.75,4,41.08,Cash
2023-07-29,RCPT-86520,Sam,Bread,7.76,4,57.91,Credit
2023-07-02,RCPT-52481,Jordan,Milk 1L,9.85,4,12.4,Mobile
2023-07-01,RCPT-30187,Alex,Apple 1kg,5.33,1,12.19,Mobile
2023-07-05,RCPT-57503,Sam,Apple 1kg,3.06,4,21.26,Debit
2023-05-19,RCPT-86368,Casey,Milk 1L,10.68,2,56.63,Credit
2023-06-17,RCPT-65508,Jordan,Milk 1L,7.96,4,43.7,Credit
2023-06-11,RCPT-96667,Alex,Apple 1kg,9.62,2,41.02,Cash
2023-05-03,RCPT-22971,Casey,Bread,4.84,4,37.6,Debit
2023-05-18,RCPT-22667,Sam,Bread,10.28,4,57.9,Debit
2023-07-09,RCPT-61507,Jordan,Eggs 12ct,4.54,4,20.6,Debit
2023-07-05,RCPT-69692,Casey,Milk 1L,6.26,1,3.1,Credit
2023-06-19,RCPT-79871,Sam,Milk 1L,7.9,4,11.45,Cash
2023-05-14,RCPT-59720,Jordan,Coffee,9.25,4,54.2,Credit
2023-06-05,RCPT-21120,Jordan,Bread,2.61,3,42.29,Cash
2023-07-04,RCPT-77727,Alex,Milk 1L,4.15,3,24.48,Cash
2023-08-03,RCPT-85642,Casey,Bread,1.77,4,37.86,Debit
2023-05-25,RCPT-22198,Alex,Coffee,1.55,4,15.09,Credit
2023-05-19,RCPT-46459,Casey,Eggs 12ct,6.78,4,30.74,Mobile
2023-07-01,RCPT-59927,Jordan,Bread,2.24,2,49.35,Debit
2023-08-04,RCPT-47758,Alex,Apple 1kg,1.82,1,31.43,Cash
2023-07-24,RCPT-83753,Jordan,Coffee,6.47,4,21.72,Debit
2023-05-07,RCPT-32829,Casey,Bread,6.66,2,34.86,Mobile
2023-06-12,RCPT-59540,Casey,Milk 1L,2.0,4,12.7,Cash
2023-06-26,RCPT-12112,Jordan,Bread,11.02,2,55.68,Debit
2023-07-31,RCPT-31810,Jordan,Coffee,9.85,3,7.46,Debit
2023-08-07,RCPT-26850,Sam,Coffee,3.6,2,4.89,Cash
2023-06-23,RCPT-10827,Casey,Coffee,5.08,3,59.93,Debit
2023-07-23,RCPT-97444,Jordan,Apple 1kg,8.49,1,11.74,Cash
2023-07-21,RCPT-17558,Alex,Eggs 12ct,9.29,2,26.16,Mobile
2023-05-08,RCPT-33680,Alex,Bread,1.96,2,20.78,Cash
2023-08-07,RCPT-41575,Sam,Apple 1kg,10.24,2,24.53,Cash
2023-07-25,RCPT-34934,Sam,Coffee,8.65,4,37.76,Mobile
2023-06-24,RCPT-99914,Casey,Eggs 12ct,10.59,3,17.65,Credit
2023-06-12,RCPT-50759,Jordan,Bread,11.02,1,50.28,Credit
2023-08-04,RCPT-67084,Casey,Apple 1kg,1.75,1,48.28,Cash
2023-05-14,RCPT-67322,Alex,Eggs 12ct,9.06,4,17.16,Cash
2023-07-05,RCPT-29784,Sam,Bread,4.53,1,58.57,Credit
2023-07-19,RCPT-41687,Casey,Milk 1L,11.03,1,11.4,Cash
2023-05-17,RCPT-53433,Alex,Coffee,5.27,1,13.77,Debit
2023-08-06,RCPT-91500,Alex,Eggs 12ct,6.45,2,8.2,Mobile
2023-06-28,RCPT-13994,Jordan,Coffee,7.29,3,44.78,Cash
2023-08-03,RCPT-20810,Sam,Apple 1kg,2.16,1,56.12,Debit
2023-07-11,RCPT-77746,Jordan,Eggs 12ct,10.02,4,53.97,Debit
2023-07-22,RCPT-68260,Alex,Bread,4.62,3,39.56,Cash
2023-07-04,RCPT-15594,Sam,Milk 1L,1.76,4,29.7,Cash
2023-05-19,RCPT-56219,Alex,Apple 1kg,1.58,3,45.69,Mobile
2023-06-04,RCPT-21362,Casey,Bread,6.82,1,39.46,Credit
2023-06-13,RCPT-57059,Alex,Bread,5.01,3,21.33,Credit
2023-05-19,RCPT-82486,Alex,Eggs 12ct,10.04,1,47.1,Mobile
2023-05-31,RCPT-57017,Jordan,Milk 1L,8.66,3,4.64,Cash
2023-07-28,RCPT-30515,Jordan,Milk 1L,9.93,2,42.93,Mobile
2023-06-28,RCPT-61790,Sam,Coffee,3.49,4,58.39,Credit
2023-06-15,RCPT-83335,Casey,Milk 1L,6.61,1,50.89,Debit
2023-05-29,RCPT-93375,Casey,Apple 1kg,4.59,4,46.04,Debit
2023-07-20,RCPT-20740,Jordan,Milk 1L,4.18,4,33.44,Cash
2023-06-13,RCPT-88424,Casey,Milk 1L,4.08,3,4.61,Debit
2023-07-30,RCPT-24482,Sam,Coffee,1.53,3,14.07,Credit
2023-05-19,RCPT-95267,Alex,Apple 1kg,5.18,3,36.45,Credit
2023-08-05,RCPT-10111,Jordan,Bread,6.38,2,3.12,Debit
2023-05-17,RCPT-91016,Alex,Bread,4.44,3,12.11,Mobile
2023-08-06,RCPT-25613,Alex,Apple 1kg,6.59,2,58.92,Mobile
2023-06-04,RCPT-99016,Jordan,Coffee,10.34,2,32.26,Debit
2023-05-22,RCPT-26625,Alex,Bread,10.39,4,27.56,Mobile
2023-07-16,RCPT-95569,Sam,Milk 1L,5.75,1,42.47,Mobile
2023-05-30,RCPT-15239,Casey,Bread,10.97,4,32.52,Mobile
2023-05-24,RCPT-20031,Jordan,Apple 1kg,5.24,2,26.39,Cash
2023-06-22,RCPT-81108,Casey,Apple 1kg,11.29,3,4.74,Debit
2023-07-04,RCPT-69223,Sam,Bread,6.88,1,55.83,Debit
2023-07-21,RCPT-69821,Alex,Eggs 12ct,3.19,3,11.46,Credit
2023-07-29,RCPT-63952,Alex,Apple 1kg,2.52,1,34.05,Credit
2023-05-26,RCPT-66849,Alex,Bread,5.22,3,11.96,Mobile
2023-07-25,RCPT-66625,Alex,Apple 1kg,9.77,1,26.78,Credit
2023-05-14,RCPT-76366,Jordan,Milk 1L,4.77,3,59.16,Debit
2023-05-14,RCPT-38288,Jordan,Eggs 12ct,6.08,3,33.06,Cash
2023-08-03,RCPT-11872,Casey,Coffee,10.49,1,11.02,Debit
2023-07-09,RCPT-64813,Casey,Coffee,5.38,4,6.06,Cash
2023-07-16,RCPT-49647,Sam,Coffee,4.82,4,22.33,Cash
2023-07-26,RCPT-35909,Jordan,Eggs 12ct,7.88,4,59.41,Credit
2023-06-03,RCPT-56751,Sam,Milk 1L,3.58,1,55.6,Credit
2023-06-18,RCPT-71118,Jordan,Bread,8.28,2,30.63,Debit
2023-07-31,RCPT-21885,Casey,Eggs 12ct,5.45,2,41.09,Debit
2023-05-07,RCPT-77955,Alex,Coffee,11.93,1,39.01,Cash
2023-05-06,RCPT-95414,Sam,Bread,5.42,1,32.63,Mobile
2023-05-10,RCPT-61169,Casey,Bread,10.74,1,50.53,Mobile
2023-07-27,RCPT-75265,Sam,Coffee,1.84,2,30.52,Mobile
2023-08-04,RCPT-66311,Casey,Eggs 12ct,2.7,3,25.11,Debit
2023-06-02,RCPT-90442,Casey,Bread,6.55,4,18.57,Debit
2023-06-20,RCPT-16750,Sam,Apple 1kg,7.63,3,25.3,Credit
2023-05-06,RCPT-84127,Alex,Bread,6.39,3,45.79,Debit
2023-06-16,RCPT-61030,Sam,Apple 1kg,1.99,1,57.2,Credit
2023-06-20,RCPT-93057,Casey,Eggs 12ct,2.76,4,43.29,Mobile
2023-06-09,RCPT-36892,Casey,Bread,2.74,2,55.14,Debit
2023-08-08,RCPT-22774,Sam,Eggs 12ct,4.03,1,39.47,Debit
2023-06-30,RCPT-74133,Jordan,Apple 1kg,7.79,3,19.99,Cash
2023-06-15,RCPT-66043,Sam,Milk 1L,9.54,4,30.44,Debit
2023-07-21,RCPT-79099,Jordan,Coffee,2.35,4,51.72,Mobile
2023-05-05,RCPT-98923,Jordan,Bread,11.56,2,10.7,Credit
2023-08-05,RCPT-74843,Sam,Coffee,4.23,2,44.83,Cash
2023-06-22,RCPT-92777,Casey,Eggs 12ct,9.36,1,46.78,Cash
2023-07-02,RCPT-15159,Sam,Bread,3.94,2,25.08,Cash
2023-06-20,RCPT-15548,Alex,Apple 1kg,10.1,2,27.79,Debit
2023-06-27,RCPT-86463,Sam,Milk 1L,4.74,3,4.79,Mobile
2023-08-07,RCPT-33210,Alex,Eggs 12ct,9.61,4,8.58,Mobile
2023-07-25,RCPT-84063,Jordan,Milk 1L,1.72,4,7.99,Debit
2023-05-23,RCPT-13215,Alex,Apple 1kg,2.49,3,16.69,Debit
2023-06-19,RCPT-86355,Casey,Apple 1kg,5.45,2,54.56,Credit
2023-08-01,RCPT-38268,Alex,Bread,11.68,2,23.85,Credit
2023-05-17,RCPT-78803,Sam,Eggs 12ct,8.03,2,55.58,Credit
2023-06-02,RCPT-25914,Casey,Bread,10.84,4,39.85,Debit
2023-06-29,RCPT-72809,Sam,Eggs 12ct,3.66,3,10.77,Mobile
2023-08-06,RCPT-51940,Jordan,Apple 1kg,9.36,3,15.82,Debit
2023-06-13,RCPT-64921,Jordan,Bread,7.35,1,13.38,Mobile
2023-08-05,RCPT-54325,Alex,Eggs 12ct,9.28,4,13.0,Debit
2023-05-26,RCPT-55216,Sam,Apple 1kg,11.47,2,6.39,Debit
2023-07-26,RCPT-37031,Casey,Coffee,6.61,1,3.52,Cash
2023-06-09,RCPT-72808,Casey,Coffee,10.12,1,42.67,Debit
2023-08-05,RCPT-22343,Casey,Milk 1L,9.52,1,35.2,Mobile
2023-05-08,RCPT-63080,Alex,Coffee,2.37,3,9.04,Credit
2023-06-04,RCPT-38440,Jordan,Bread,4.01,4,15.79,Cash
2023-06-08,RCPT-59982,Sam,Coffee,7.33,2,56.96,Credit
2023-07-14,RCPT-40105,Jordan,Milk 1L,2.48,2,56.32,Mobile
2023-06-06,RCPT-41546,Jordan,Bread,10.03,1,18.83,Credit
2023-05-16,RCPT-40821,Sam,Eggs 12ct,6.34,1,33.34,Mobile
2023-07-04,RCPT-58978,Casey,Coffee,8.63,4,32.51,Debit
2023-05-12,RCPT-19845,Sam,Coffee,7.07,3,58.8,Credit
2023-06-16,RCPT-14758,Jordan,Eggs 12ct,4.91,2,39.54,Mobile
2023-06-05,RCPT-39697,Sam,Coffee,8.34,4,30.17,Cash
2023-05-21,RCPT-26234,Sam,Bread,6.23,3,34.74,Credit
2023-05-07,RCPT-76666,Casey,Eggs 12ct,3.41,1,12.53,Cash
2023-07-07,RCPT-55983,Sam,Coffee,9.23,1,59.54,Cash
2023-05-09,RCPT-49492,Jordan,Milk 1L,7.58,3,14.14,Credit
2023-05-20,RCPT-22542,Jordan,Apple 1kg,3.89,1,37.78,Credit
2023-05-14,RCPT-73969,Alex,Bread,9.07,1,46.05,Cash
2023-05-26,RCPT-16463,Alex,Coffee,7.0,4,54.54,Cash
2023-06-25,RCPT-16133,Casey,Milk 1L,10.7,2,34.81,Debit
2023-07-23,RCPT-76774,Casey,Milk 1L,11.77,2,29.71,Credit
2023-07-14,RCPT-15523,Jordan,Milk 1L,6.24,4,21.99,Credit
2023-07-24,RCPT-10489,Sam,Coffee,3.69,1,21.34,Debit
2023-07-31,RCPT-39770,Casey,Milk 1L,4.13,4,57.99,Cash
2023-07-02,RCPT-55841,Alex,Milk 1L,1.89,1,53.29,Debit
2023-06-29,RCPT-12115,Sam,Eggs 12ct,4.69,2,31.14,Debit
2023-07-06,RCPT-59525,Jordan,Bread,8.7,4,53.16,Debit
2023-07-14,RCPT-64820,Casey,Coffee,2.19,3,33.06,Cash
2023-08-03,RCPT-73783,Casey,Milk 1L,6.84,1,38.34,Cash
2023-05-05,RCPT-52601,Jordan,Bread,7.46,1,46.21,Cash
2023-05-28,RCPT-33108,Alex,Coffee,1.94,2,25.79,Credit
2023-07-14,RCPT-74554,Jordan,Apple 1kg,9.18,4,44.51,Cash
2023-07-07,RCPT-84022,Sam,Bread,11.53,3,38.6,Credit
2023-08-04,RCPT-50902,Jordan,Bread,8.53,3,13.74,Credit
2023-07-26,RCPT-68375,Sam,Coffee,6.18,3,20.99,Cash
2023-06-03,RCPT-86885,Jordan,Bread,6.31,4,52.65,Cash
2023-07-08,RCPT-31948,Alex,Apple 1kg,9.09,2,38.79,Debit
2023-07-09,RCPT-40578,Casey,Bread,2.52,2,16.16,Credit
2023-05-07,RCPT-53829,Sam,Milk 1L,2.39,3,45.07,Cash
2023-05-09,RCPT-17802,Casey,Milk 1L,6.63,1,28.07,Debit
2023-07-11,RCPT-45811,Jordan,Apple 1kg,3.6,2,28.43,Debit
2023-05-27,RCPT-33152,Alex,Coffee,2.94,1,32.09,Cash
2023-05-25,RCPT-86760,Alex,Eggs 12ct,3.48,2,8.35,Mobile
2023-06-01,RCPT-94692,Alex,Coffee,7.17,1,51.04,Cash
2023-07-01,RCPT-78188,Alex,Bread,8.93,1,37.06,Mobile
2023-07-07,RCPT-17718,Sam,Bread,10.54,4,21.42,Credit
2023-05-14,RCPT-12007,Jordan,Bread,9.86,1,48.41,Mobile
2023-05-07,RCPT-46927,Sam,Apple 1kg,8.3,3,29.89,Credit
2023-07-06,RCPT-58810,Sam,Eggs 12ct,10.92,2,9.49,Credit
2023-07-03,RCPT-99957,Jordan,Apple 1kg,7.29,4,29.51,Debit
2023-05-02,RCPT-39444,Alex,Coffee,9.16,2,3.59,Cash
2023-06-18,RCPT-30620,Sam,Bread,3.5,2,19.39,Mobile
2023-05-17,RCPT-62776,Casey,Apple 1kg,4.94,2,29.6,Mobile
2023-07-27,RCPT-17132,Jordan,Apple 1kg,10.46,1,6.03,Mobile
2023-07-25,RCPT-44374,Casey,Apple 1kg,11.27,3,37.07,Debit
2023-08-07,RCPT-87725,Casey,Eggs 12ct,9.04,1,57.56,Credit
2023-06-14,RCPT-30334,Casey,Apple 1kg,11.33,2,33.94,Cash
2023-06-01,RCPT-96081,Alex,Apple 1kg,2.11,2,23.26,Debit
2023-07-13,RCPT-31006,Jordan,Milk 1L,11.91,2,13.56,Debit
2023-06-15,RCPT-20350,Sam,Coffee,10.18,4,40.34,Mobile
2023-05-28,RCPT-80606,Jordan,Eggs 12ct,5.81,2,58.94,Mobile
2023-06-06,RCPT-53108,Sam,Apple 1kg,2.41,4,34.89,Cash
2023-07-23,RCPT-99858,Alex,Bread,8.57,2,40.71,Mobile
2023-07-24,RCPT-49235,Casey,Apple 1kg,4.98,4,17.75,Mobile
2023-06-18,RCPT-48485,Casey,Apple 1kg,6.2,2,52.98,Debit
2023-07-13,RCPT-64123,Jordan,Eggs 12ct,11.7,1,39.6,Debit
2023-08-05,RCPT-71355,Sam,Apple 1kg,3.98,1,18.89,Mobile
2023-07-17,RCPT-52324,Jordan,Coffee,11.55,3,3.98,Credit
2023-06-07,RCPT-86352,Sam,Bread,2.18,3,9.44,Cash
2023-05-01,RCPT-26202,Alex,Milk 1L,11.58,1,19.9,Credit
2023-06-08,RCPT-46472,Alex,Eggs 12ct,3.24,4,57.03,Debit
2023-06-07,RCPT-49292,Casey,Eggs 12ct,10.65,4,54.67,Cash
2023-06-30,RCPT-82722,Sam,Bread,2.78,4,19.04,Credit
2023-07-20,RCPT-80454,Sam,Coffee,4.53,4,38.43,Debit
2023-07-11,RCPT-94155,Alex,Eggs 12ct,9.53,3,56.0,Debit
2023-07-17,RCPT-68815,Jordan,Milk 1L,11.95,1,9.29,Credit
2023-06-18,RCPT-90015,Casey,Milk 1L,10.57,1,33.22,Cash
2023-07-25,RCPT-26873,Sam,Coffee,2.91,3,48.12,Cash
2023-06-20,RCPT-64740,Casey,Coffee,3.96,2,55.46,Credit
2023-07-19,RCPT-25101,Sam,Apple 1kg,4.04,4,59.23,Cash
2023-06-23,RCPT-64803,Casey,Apple 1kg,7.69,3,25.41,Cash
2023-05-10,RCPT-28990,Alex,Bread,7.58,3,8.85,Mobile
2023-06-01,RCPT-93765,Jordan,Bread,5.1,3,16.35,Mobile
2023-05-12,RCPT-24368,Jordan,Coffee,3.65,3,34.87,Mobile
2023-05-25,RCPT-99960,Jordan,Bread,7.29,2,36.55,Credit
2023-06-25,RCPT-21812,Alex,Eggs 12ct,2.17,4,43.4,Mobile
2023-07-02,RCPT-88865,Alex,Apple 1kg,6.15,2,25.07,Debit
2023-05-10,RCPT-35661,Sam,Bread,3.3,1,6.18,Credit
2023-08-03,RCPT-77992,Jordan,Bread,3.86,2,16.14,Mobile
2023-06-19,RCPT-45923,Casey,Eggs 12ct,11.12,4,47.69,Debit
2023-07-14,RCPT-86285,Alex,Eggs 12ct,11.97,3,39.08,Debit
2023-06-25,RCPT-27932,Jordan,Apple 1kg,4.17,3,34.11,Debit
2023-08-07,RCPT-65913,Sam,Milk 1L,7.05,3,34.13,Debit
2023-07-31,RCPT-41268,Jordan,Milk 1L,3.46,2,23.93,Debit
2023-07-23,RCPT-40753,Sam,Milk 1L,2.64,2,19.88,Cash
2023-07-30,RCPT-19487,Casey,Eggs 12ct,2.56,1,48.85,Mobile
2023-07-28,RCPT-30809,Sam,Eggs 12ct,6.95,1,49.17,Debit
2023-06-24,RCPT-10170,Casey,Apple 1kg,6.29,1,33.1,Debit
2023-08-06,RCPT-65728,Alex,Eggs 12ct,5.87,4,56.23,Debit
2023-06-24,RCPT-83954,Jordan,Eggs 12ct,6.4,4,21.68,Cash
2023-07-02,RCPT-97401,Jordan,Eggs 12ct,4.06,3,24.48,Mobile
2023-07-26,RCPT-44660,Sam,Coffee,9.37,4,7.53,Credit
2023-05-02,RCPT-27186,Casey,Eggs 12ct,4.0,2,53.15,Credit
2023-06-10,RCPT-98351,Sam,Milk 1L,2.06,4,11.38,Mobile
2023-07-06,RCPT-53132,Jordan,Milk 1L,4.08,4,56.67,Credit
2023-08-06,RCPT-53387,Alex,Bread,11.51,3,8.35,Credit
2023-06-22,RCPT-97632,Sam,Eggs 12ct,8.5,2,42.36,Cash
2023-05-16,RCPT-21679,Jordan,Bread,11.3,3,33.79,Credit
2023-07-07,RCPT-77504,Jordan,Coffee,5.0,3,17.94,Debit
2023-06-17,RCPT-94928,Alex,Bread,4.91,2,5.48,Mobile
2023-06-26,RCPT-67860,Sam,Eggs 12ct,5.93,1,47.62,Cash
2023-06-27,RCPT-51990,Sam,Bread,3.65,4,40.89,Mobile
2023-07-30,RCPT-60292,Sam,Coffee,5.38,1,58.64,Credit
2023-08-07,RCPT-39417,Alex,Bread,3.27,3,32.82,Mobile
2023-08-01,RCPT-37020,Casey,Bread,10.39,2,12.39,Debit
2023-07-13,RCPT-16269,Casey,Apple 1kg,6.95,4,56.88,Mobile
2023-07-23,RCPT-93964,Casey,Coffee,2.55,1,58.07,Cash
2023-07-27,RCPT-35853,Casey,Milk 1L,9.69,4,58.32,Debit
2023-07-23,RCPT-42321,Jordan,Coffee,6.72,2,20.39,Debit
2023-05-02,RCPT-98776,Jordan,Bread,9.79,4,42.87,Mobile
2023-05-17,RCPT-21248,Casey,Milk 1L,9.44,1,26.06,Debit
2023-07-17,RCPT-75841,Alex,Milk 1L,8.64,1,47.62,Cash
2023-07-02,RCPT-72879,Casey,Coffee,4.89,2,33.16,Cash
2023-06-24,RCPT-78969,Casey,Eggs 12ct,6.71,1,4.72,Mobile
2023-07-24,RCPT-16006,Alex,Eggs 12ct,5.95,2,25.55,Mobile
2023-06-09,RCPT-61103,Alex,Apple 1kg,7.42,3,32.44,Cash
2023-07-18,RCPT-38582,Alex,Bread,5.02,3,19.36,Debit
2023-06-23,RCPT-95342,Sam,Bread,9.98,1,7.3,Debit
2023-07-31,RCPT-36286,Casey,Coffee,9.88,2,41.63,Debit
2023-05-19,RCPT-95430,Jordan,Bread,7.39,2,50.6,Mobile
2023-05-10,RCPT-97940,Sam,Bread,6.07,1,19.42,Credit
2023-07-14,RCPT-18786,Alex,Milk 1L,10.58,3,33.34,Mobile
2023-08-04,RCPT-55637,Sam,Eggs 12ct,9.58,2,53.4,Debit
2023-06-26,RCPT-41947,Sam,Apple 1kg,9.67,4,32.34,Cash
2023-07-12,RCPT-30027,Jordan,Apple 1kg,8.47,3,18.97,Debit
2023-06-25,RCPT-75972,Casey,Apple 1kg,2.34,3,58.47,Credit
2023-07-20,RCPT-56525,Sam,Apple 1kg,5.16,4,10.69,Cash
2023-05-10,RCPT-58924,Alex,Coffee,1.55,2,2.71,Debit
2023-07-22,RCPT-29205,Sam,Milk 1L,11.99,4,47.9,Debit
2023-07-15,RCPT-23022,Sam,Apple 1kg,11.04,3,17.34,Cash
2023-06-08,RCPT-61158,Alex,Coffee,5.54,1,52.24,Cash
2023-06-14,RCPT-55714,Alex,Bread,11.22,2,25.14,Credit
2023-05-08,RCPT-77280,Casey,Apple 1kg,6.76,1,1.7,Cash
2023-07-09,RCPT-95452,Sam,Apple 1kg,8.6,2,36.55,Cash
2023-07-20,RCPT-72741,Casey,Milk 1L,7.24,2,27.74,Mobile
2023-05-04,RCPT-83118,Casey,Apple 1kg,4.79,1,29.6,Debit
2023-05-10,RCPT-63384,Casey,Coffee,10.48,4,56.91,Credit
2023-06-02,RCPT-90761,Sam,Bread,11.85,3,57.42,Debit
2023-08-07,RCPT-93304,Jordan,Coffee,2.27,2,38.43,Mobile
2023-07-13,RCPT-60199,Sam,Coffee,9.46,4,48.41,Mobile
2023-05-22,RCPT-81748,Casey,Bread,4.36,1,28.31,Cash
2023-07-06,RCPT-56702,Alex,Apple 1kg,2.97,3,50.49,Credit
2023-07-04,RCPT-95534,Casey,Bread,9.4,2,51.65,Credit
2023-06-10,RCPT-13470,Jordan,Apple 1kg,4.49,1,36.85,Mobile
2023-07-24,RCPT-55001,Sam,Apple 1kg,1.88,2,42.22,Cash
2023-05-11,RCPT-58710,Jordan,Coffee,11.61,1,23.19,Credit
2023-06-07,RCPT-70341,Alex,Eggs 12ct,3.46,1,12.88,Mobile
2023-05-20,RCPT-24334,Alex,Milk 1L,6.03,1,18.85,Cash
2023-06-01,RCPT-30966,Jordan,Eggs 12ct,11.36,4,41.03,Credit
2023-07-30,RCPT-95415,Alex,Milk 1L,7.51,2,21.85,Credit
2023-07-28,RCPT-69176,Casey,Eggs 12ct,10.82,1,13.85,Mobile
2023-06-15,RCPT-72718,Jordan,Apple 1kg,9.48,1,54.27,Cash
2023-05-29,RCPT-65942,Jordan,Bread,2.72,4,54.35,Cash
2023-08-04,RCPT-37571,Alex,Bread,5.53,1,57.55,Mobile
2023-05-07,RCPT-66378,Casey,Milk 1L,2.36,3,49.34,Cash
2023-07-04,RCPT-77611,Jordan,Eggs 12ct,11.85,4,33.24,Credit
2023-07-29,RCPT-62403,Alex,Coffee,2.86,2,58.15,Cash
2023-06-23,RCPT-96361,Jordan,Bread,3.94,3,34.06,Mobile
2023-07-18,RCPT-76657,Jordan,Apple 1kg,7.54,2,54.85,Credit
2023-05-03,RCPT-83987,Alex,Coffee,3.4,2,35.14,Debit
2023-06-22,RCPT-24217,Alex,Eggs 12ct,8.63,1,23.7,Debit
2023-05-04,RCPT-21756,Jordan,Coffee,7.93,3,59.74,Cash
2023-07-11,RCPT-51647,Jordan,Apple 1kg,7.15,4,10.98,Mobile
2023-07-04,RCPT-74893,Sam,Apple 1kg,5.88,3,48.53,Credit
2023-07-07,RCPT-15146,Jordan,Coffee,7.7,1,30.05,Debit
2023-06-22,RCPT-48796,Alex,Apple 1kg,8.59,2,56.99,Credit
2023-06-13,RCPT-92677,Casey,Bread,3.73,1,41.41,Debit
2023-05-23,RCPT-92707,Jordan,Eggs 12ct,1.73,4,59.54,Cash
2023-05-04,RCPT-30233,Sam,Bread,6.13,2,19.56,Cash
2023-06-14,RCPT-30400,Jordan,Milk 1L,6.88,2,31.04,Credit
2023-06-06,RCPT-93295,Jordan,Milk 1L,2.75,2,10.83,Credit
2023-06-02,RCPT-88955,Alex,Coffee,10.96,3,42.97,Credit
2023-07-24,RCPT-90363,Jordan,Coffee,9.17,2,48.1,Cash
2023-06-03,RCPT-38972,Jordan,Eggs 12ct,6.46,3,50.93,Cash
2023-07-03,RCPT-29469,Casey,Milk 1L,9.61,3,31.04,Debit
2023-05-06,RCPT-32331,Alex,Milk 1L,2.52,2,35.68,Cash
2023-05-18,RCPT-83843,Jordan,Bread,11.33,1,24.8,Credit
2023-07-26,RCPT-55960,Jordan,Coffee,6.54,4,51.66,Debit
2023-08-04,RCPT-48396,Alex,Bread,8.02,4,47.59,Debit
2023-06-28,RCPT-24156,Casey,Bread,11.9,1,13.18,Cash
2023-06-12,RCPT-91223,Sam,Milk 1L,1.57,2,41.3,Mobile
2023-07-18,RCPT-33784,Jordan,Bread,11.07,2,7.25,Credit
2023-06-16,RCPT-14970,Casey,Apple 1kg,2.94,3,56.56,Cash
2023-05-24,RCPT-69115,Casey,Coffee,11.01,2,8.91,Credit
2023-05-23,RCPT-50776,Casey,Bread,6.44,3,34.8,Credit
2023-05-17,RCPT-22079,Casey,Milk 1L,6.14,3,51.08,Debit
2023-07-21,RCPT-15016,Casey,Apple 1kg,7.19,1,39.35,Debit
2023-06-24,RCPT-44703,Sam,Coffee,9.01,3,5.94,Debit
2023-05-25,RCPT-79954,Alex,Milk 1L,11.2,3,15.93,Credit
2023-06-16,RCPT-25752,Casey,Bread,4.76,4,14.97,Credit
2023-07-24,RCPT-62118,Alex,Milk 1L,4.89,1,12.29,Cash
2023-07-07,RCPT-70022,Sam,Bread,4.94,4,46.65,Credit
2023-06-23,RCPT-53007,Alex,Bread,3.69,1,6.14,Cash
2023-06-04,RCPT-50497,Jordan,Coffee,5.84,1,47.66,Mobile
2023-05-08,RCPT-82258,Casey,Milk 1L,2.23,3,45.97,Cash
2023-07-14,RCPT-12178,Alex,Coffee,1.82,4,44.1,Cash
2023-08-06,RCPT-99949,Sam,Apple 1kg,10.85,3,55.63,Debit
2023-05-05,RCPT-83918,Casey,Eggs 12ct,6.55,1,11.73,Credit
2023-05-05,RCPT-46937,Alex,Bread,10.88,4,28.54,Debit
2023-06-24,RCPT-47416,Sam,Eggs 12ct,5.29,3,47.46,Credit
2023-05-25,RCPT-99048,Sam,Coffee,8.64,3,53.91,Cash
2023-06-07,RCPT-89468,Sam,Eggs 12ct,10.4,1,9.68,Cash
2023-05-14,RCPT-91490,Jordan,Milk 1L,8.91,1,16.8,Cash
2023-06-25,RCPT-72136,Casey,Milk 1L,8.61,3,49.27,Credit
2023-07-25,RCPT-85312,Sam,Bread,7.98,1,44.02,Cash
2023-07-28,RCPT-71827,Alex,Bread,11.49,1,9.86,Credit
2023-05-01,RCPT-68442,Alex,Bread,11.19,4,50.8,Cash
2023-06-14,RCPT-84760,Jordan,Coffee,3.77,2,49.26,Cash
2023-07-29,RCPT-65697,Alex,Milk 1L,2.4,3,48.01,Cash
2023-08-02,RCPT-48859,Alex,Apple 1kg,11.21,4,16.49,Mobile
2023-07-19,RCPT-25531,Sam,Eggs 12ct,2.61,4,38.86,Credit
2023-05-23,RCPT-61631,Alex,Apple 1kg,7.59,2,8.28,Mobile
2023-05-06,RCPT-48766,Alex,Bread,10.75,3,30.93,Debit
2023-05-13,RCPT-95787,Sam,Bread,4.09,1,44.34,Credit
2023-06-14,RCPT-42139,Casey,Eggs 12ct,4.19,1,19.78,Mobile
2023-06-09,RCPT-14832,Casey,Bread,4.09,2,42.52,Debit
2023-07-16,RCPT-55546,Sam,Milk 1L,9.57,1,14.77,Debit
2023-06-09,RCPT-72288,Alex,Coffee,1.72,2,40.64,Cash
2023-06-24,RCPT-65287,Alex,Bread,8.07,2,10.88,Debit
2023-05-23,RCPT-34373,Alex,Eggs 12ct,7.87,3,51.45,Mobile
2023-07-07,RCPT-28860,Alex,Bread,8.59,2,17.9,Mobile
2023-05-01,RCPT-46101,Casey,Eggs 12ct,5.63,2,14.75,Credit
2023-06-11,RCPT-96024,Sam,Milk 1L,9.29,3,27.19,Debit
2023-06-08,RCPT-81587,Alex,Milk 1L,2.32,4,53.36,Credit
2023-08-03,RCPT-48239,Alex,Eggs 12ct,6.98,3,10.12,Mobile
2023-06-16,RCPT-10031,Jordan,Coffee,9.67,3,21.48,Cash
2023-05-31,RCPT-45734,Jordan,Milk 1L,5.24,1,20.66,Cash
2023-05-31,RCPT-16491,Jordan,Apple 1kg,2.48,1,31.91,Debit
2023-05-07,RCPT-10513,Casey,Apple 1kg,6.56,1,53.55,Cash
2023-06-29,RCPT-17128,Jordan,Bread,7.12,4,53.47,Mobile
2023-06-17,RCPT-96495,Alex,Eggs 12ct,3.01,3,58.97,Debit
2023-06-22,RCPT-49435,Casey,Bread,2.44,3,48.08,Credit
2023-06-01,RCPT-26869,Casey,Coffee,1.89,1,55.82,Cash
2023-07-26,RCPT-75661,Casey,Eggs 12ct,9.98,3,25.87,Cash
2023-07-08,RCPT-70780,Sam,Eggs 12ct,8.55,1,31.65,Debit
2023-08-07,RCPT-31653,Sam,Milk 1L,11.99,3,39.62,Mobile
2023-05-15,RCPT-72304,Jordan,Eggs 12ct,8.33,1,57.25,Debit
2023-06-13,RCPT-97753,Sam,Bread,5.11,4,12.08,Debit
2023-07-22,RCPT-19726,Sam,Milk 1L,5.66,2,52.55,Debit
2023-07-23,RCPT-41294,Alex,Bread,11.99,1,21.13,Cash
2023-05-09,RCPT-92599,Sam,Eggs 12ct,8.32,2,33.16,Mobile
2023-07-24,RCPT-44526,Sam,Milk 1L,2.48,3,45.58,Mobile
2023-05-20,RCPT-49579,Casey,Eggs 12ct,2.56,4,35.29,Mobile
2023-06-11,RCPT-42425,Jordan,Eggs 12ct,5.73,1,55.63,Debit
2023-06-24,RCPT-97040,Alex,Milk 1L,9.94,2,47.81,Debit
2023-07-12,RCPT-66654,Alex,Coffee,1.61,4,21.71,Mobile
2023-05-27,RCPT-78484,Casey,Milk 1L,7.01,2,25.56,Mobile
2023-07-03,RCPT-55701,Jordan,Apple 1kg,9.0,2,55.96,Credit
2023-05-15,RCPT-96052,Sam,Apple 1kg,3.52,1,35.77,Mobile
2023-06-19,RCPT-76995,Jordan,Apple 1kg,6.63,2,44.7,Mobile
2023-05-21,RCPT-57524,Sam,Eggs 12ct,2.16,1,6.02,Debit
2023-07-09,RCPT-93191,Sam,Apple 1kg,6.28,1,18.73,Mobile
2023-08-04,RCPT-18884,Jordan,Eggs 12ct,5.69,4,11.3,Mobile
2023-06-17,RCPT-65492,Casey,Bread,8.57,2,54.52,Credit
2023-05-16,RCPT-79421,Jordan,Coffee,7.96,3,42.13,Debit
2023-07-30,RCPT-95553,Sam,Eggs 12ct,7.71,3,28.32,Mobile
2023-05-04,RCPT-43378,Sam,Apple 1kg,9.42,3,25.42,Cash
2023-07-29,RCPT-86813,Jordan,Eggs 12ct,9.33,2,13.4,Credit
2023-07-14,RCPT-86613,Casey,Milk 1L,4.58,4,46.33,Cash
2023-07-17,RCPT-16549,Alex,Apple 1kg,3.16,1,23.26,Credit
2023-07-29,RCPT-12487,Sam,Coffee,7.95,4,19.23,Mobile
2023-06-30,RCPT-34910,Alex,Apple 1kg,6.1,4,48.43,Cash
2023-08-05,RCPT-39759,Alex,Eggs 12ct,1.75,1,52.0,Credit
2023-05-02,RCPT-80285,Sam,Coffee,2.77,4,34.48,Debit
2023-07-02,RCPT-94239,Jordan,Coffee,6.44,4,10.97,Cash
2023-08-01,RCPT-46102,Jordan,Eggs 12ct,6.55,1,31.86,Credit
2023-05-26,RCPT-66738,Sam,Apple 1kg,6.93,4,9.97,Debit
2023-06-12,RCPT-98659,Sam,Eggs 12ct,4.01,3,3.88,Credit
2023-06-16,RCPT-10029,Jordan,Apple 1kg,6.86,3,50.73,Debit
2023-05-31,RCPT-47510,Casey,Apple 1kg,5.46,3,44.64,Cash
2023-06-30,RCPT-15031,Alex,Bread,3.29,2,40.21,Cash
2023-06-10,RCPT-28090,Jordan,Milk 1L,9.61,1,10.56,Mobile
2023-06-24,RCPT-11358,Alex,Coffee,3.61,3,18.42,Cash
2023-06-14,RCPT-61542,Jordan,Milk 1L,10.31,4,1.7,Credit
2023-08-03,RCPT-55295,Alex,Eggs 12ct,9.26,3,54.81,Mobile
2023-06-13,RCPT-27004,Casey,Milk 1L,3.26,2,54.96,Mobile
2023-05-15,RCPT-68011,Sam,Apple 1kg,6.01,4,11.6,Mobile
2023-05-24,RCPT-70880,Alex,Coffee,11.81,1,10.69,Debit
2023-07-27,RCPT-75961,Casey,Eggs 12ct,5.84,1,13.52,Mobile
2023-05-09,RCPT-47825,Casey,Bread,6.38,1,31.36,Debit
2023-08-04,RCPT-48293,Casey,Bread,9.48,1,56.44,Mobile
2023-06-26,RCPT-66695,Sam,Milk 1L,6.06,3,30.93,Mobile
2023-06-20,RCPT-45202,Casey,Coffee,7.11,2,7.86,Cash
2023-07-22,RCPT-52096,Jordan,Bread,2.52,4,52.85,Mobile
2023-06-17,RCPT-32661,Sam,Apple 1kg,5.09,4,59.66,Mobile
2023-05-12,RCPT-43455,Sam,Apple 1kg,3.97,2,48.12,Cash
2023-06-23,RCPT-13191,Casey,Eggs 12ct,10.42,2,25.44,Debit
2023-05-11,RCPT-90011,Sam,Eggs 12ct,10.68,1,59.72,Mobile
2023-06-22,RCPT-65369,Alex,Coffee,11.79,4,55.86,Credit
2023-07-26,RCPT-91075,Alex,Milk 1L,3.32,2,27.7,Cash
2023-05-12,RCPT-44008,Casey,Milk 1L,5.26,3,2.87,Cash
2023-06-21,RCPT-63358,Jordan,Apple 1kg,2.87,2,31.73,Cash
2023-07-20,RCPT-24656,Casey,Bread,7.24,2,5.15,Cash
2023-06-03,RCPT-12424,Alex,Eggs 12ct,4.41,1,21.84,Credit
2023-07-03,RCPT-80312,Casey,Milk 1L,7.12,1,29.35,Debit
2023-06-27,RCPT-58821,Sam,Apple 1kg,10.95,2,33.08,Cash
2023-07-16,RCPT-99515,Casey,Eggs 12ct,8.75,1,38.18,Cash
2023-05-12,RCPT-50149,Alex,Coffee,11.69,3,7.72,Mobile
2023-05-10,RCPT-51130,Sam,Coffee,12.0,2,47.46,Cash
2023-07-15,RCPT-15062,Jordan,Milk 1L,11.6,4,8.69,Cash
2023-05-12,RCPT-88243,Sam,Coffee,6.78,4,49.14,Mobile
2023-06-28,RCPT-25304,Sam,Bread,4.41,2,58.6,Credit
2023-05-01,RCPT-15140,Jordan,Apple 1kg,9.99,1,23.55,Cash
2023-07-13,RCPT-48858,Jordan,Apple 1kg,1.97,2,45.56,Debit
2023-07-02,RCPT-32729,Casey,Bread,6.74,2,52.99,Cash
2023-05-15,RCPT-15516,Sam,Eggs 12ct,1.69,3,30.08,Credit
2023-07-03,RCPT-69843,Sam,Apple 1kg,10.57,3,26.13,Mobile
2023-05-23,RCPT-62653,Alex,Apple 1kg,6.02,2,39.87,Credit
2023-06-03,RCPT-37952,Jordan,Bread,9.37,1,37.86,Debit
2023-08-02,RCPT-83347,Casey,Bread,5.54,2,51.74,Credit
2023-06-18,RCPT-90610,Casey,Milk 1L,7.88,2,44.36,Cash
2023-07-28,RCPT-13754,Jordan,Bread,3.9,4,43.47,Debit
2023-07-07,RCPT-64516,Jordan,Coffee,5.66,2,7.8,Mobile
2023-05-27,RCPT-68511,Casey,Milk 1L,6.64,4,46.88,Cash
2023-05-23,RCPT-20081,Sam,Milk 1L,8.73,4,56.96,Credit
2023-07-19,RCPT-29268,Jordan,Eggs 12ct,10.21,2,50.06,Cash
2023-07-03,RCPT-72588,Sam,Apple 1kg,11.28,3,37.52,Credit
2023-07-09,RCPT-55585,Jordan,Coffee,9.92,2,18.08,Cash
2023-07-19,RCPT-76051,Jordan,Coffee,5.76,2,5.87,Cash
2023-08-06,RCPT-57726,Alex,Milk 1L,7.06,2,45.14,Credit
2023-07-06,RCPT-46436,Casey,Coffee,5.45,4,42.92,Credit
2023-07-28,RCPT-28142,Sam,Apple 1kg,10.4,2,29.56,Credit
2023-07-27,RCPT-87399,Jordan,Bread,10.08,3,58.48,Mobile
2023-05-10,RCPT-83666,Jordan,Coffee,4.38,3,54.98,Mobile
2023-05-18,RCPT-38230,Jordan,Apple 1kg,5.47,2,14.55,Credit
2023-05-31,RCPT-17841,Casey,Coffee,6.0,4,59.76,Debit
2023-07-12,RCPT-61329,Casey,Bread,2.01,1,14.21,Mobile
2023-05-06,RCPT-67544,Sam,Eggs 12ct,4.55,3,32.82,Mobile
2023-05-15,RCPT-44479,Alex,Eggs 12ct,11.83,3,41.91,Cash
2023-06-11,RCPT-67378,Casey,Coffee,3.02,1,43.82,Debit
2023-07-30,RCPT-30257,Alex,Coffee,6.02,1,8.71,Cash
2023-06-17,RCPT-16666,Casey,Apple 1kg,5.87,3,20.25,Cash
2023-05-26,RCPT-79864,Sam,Bread,8.06,2,27.29,Cash
2023-06-21,RCPT-18967,Alex,Milk 1L,10.5,1,20.82,Credit
2023-08-07,RCPT-94486,Jordan,Eggs 12ct,6.0,2,26.08,Cash
2023-07-13,RCPT-44648,Jordan,Coffee,8.43,1,26.0,Credit
2023-05-20,RCPT-70210,Alex,Bread,9.08,2,15.38,Credit
2023-07-10,RCPT-76055,Casey,Eggs 12ct,1.52,1,54.95,Credit
2023-05-13,RCPT-46276,Alex,Apple 1kg,2.71,2,47.72,Credit
2023-06-18,RCPT-43624,Casey,Bread,9.3,3,7.59,Credit
2023-07-24,RCPT-67870,Sam,Eggs 12ct,2.41,2,18.24,Cash
2023-06-20,RCPT-95680,Casey,Bread,7.62,2,25.37,Cash
2023-05-29,RCPT-13210,Casey,Apple 1kg,3.7,1,19.46,Mobile
2023-06-22,RCPT-48840,Casey,Apple 1kg,6.39,1,54.8,Debit
2023-06-05,RCPT-79288,Sam,Apple 1kg,11.02,3,4.56,Mobile
2023-07-31,RCPT-81704,Casey,Apple 1kg,8.0,3,18.65,Credit
2023-05-18,RCPT-67682,Jordan,Milk 1L,9.3,2,27.99,Debit
2023-05-11,RCPT-20228,Jordan,Apple 1kg,1.92,3,20.74,Credit
2023-06-10,RCPT-34572,Sam,Coffee,11.96,3,31.32,Credit
2023-05-05,RCPT-38591,Alex,Apple 1kg,5.12,4,4.88,Credit
2023-05-19,RCPT-77665,Jordan,Milk 1L,9.84,3,32.73,Mobile
2023-06-08,RCPT-97912,Sam,Apple 1kg,6.31,4,34.67,Cash
2023-07-06,RCPT-86136,Casey,Apple 1kg,11.47,4,33.66,Cash
2023-06-28,RCPT-49382,Jordan,Bread,10.15,1,17.55,Debit
2023-07-28,RCPT-97684,Casey,Eggs 12ct,6.52,2,57.93,Credit
2023-05-16,RCPT-72412,Alex,Bread,7.36,1,15.59,Debit
2023-07-09,RCPT-25600,Casey,Milk 1L,6.69,2,41.07,Credit
2023-05-22,RCPT-15618,Jordan,Milk 1L,5.97,2,55.13,Mobile
2023-05-29,RCPT-47471,Jordan,Apple 1kg,8.87,2,25.63,Cash
2023-06-27,RCPT-85032,Jordan,Bread,7.01,2,24.18,Cash
2023-06-19,RCPT-70122,Sam,Apple 1kg,2.52,4,3.78,Cash
2023-05-09,RCPT-62312,Sam,Eggs 12ct,2.53,1,4.61,Debit
2023-06-08,RCPT-94187,Alex,Eggs 12ct,6.57,3,2.15,Debit
2023-07-21,RCPT-12338,Alex,Bread,2.61,1,26.33,Debit
2023-08-01,RCPT-18773,Jordan,Bread,7.01,4,58.26,Debit
2023-07-10,RCPT-74836,Jordan,Apple 1kg,6.23,2,56.71,Credit
2023-05-25,RCPT-87875,Jordan,Apple 1kg,6.3,3,56.72,Debit
2023-05-17,RCPT-57288,Jordan,Milk 1L,3.24,3,3.28,Debit
2023-07-06,RCPT-57526,Casey,Eggs 12ct,4.71,4,4.27,Credit
2023-07-26,RCPT-68619,Sam,Apple 1kg,2.52,4,55.85,Debit
2023-06-09,RCPT-32731,Sam,Bread,6.77,3,17.52,Credit
2023-05-28,RCPT-65888,Jordan,Apple 1kg,2.86,3,5.95,Debit
2023-08-01,RCPT-47003,Sam,Eggs 12ct,7.53,4,15.85,Debit
2023-07-18,RCPT-34154,Sam,Apple 1kg,10.61,3,41.5,Mobile
2023-06-18,RCPT-55523,Casey,Bread,11.37,3,10.18,Cash
2023-07-08,RCPT-67787,Jordan,Coffee,7.82,3,40.64,Mobile
2023-07-16,RCPT-26551,Casey,Coffee,7.96,3,29.13,Debit
2023-06-25,RCPT-89172,Jordan,Milk 1L,11.05,3,26.62,Cash
2023-06-06,RCPT-47048,Sam,Bread,10.97,3,36.4,Debit
2023-07-17,RCPT-54443,Casey,Bread,3.57,2,50.58,Debit
2023-05-01,RCPT-21821,Sam,Eggs 12ct,3.76,3,40.73,Mobile
2023-07-28,RCPT-14274,Alex,Coffee,1.65,4,16.04,Cash
2023-05-18,RCPT-42194,Casey,Milk 1L,8.75,2,16.47,Debit
2023-05-06,RCPT-41816,Casey,Coffee,8.7,3,29.61,Debit
2023-07-19,RCPT-99569,Sam,Milk 1L,5.08,1,40.03,Credit
2023-05-14,RCPT-94871,Sam,Milk 1L,5.77,1,46.3,Cash
2023-06-19,RCPT-93539,Jordan,Eggs 12ct,2.57,3,36.09,Debit
2023-06-05,RCPT-17615,Casey,Milk 1L,5.52,4,21.97,Debit
2023-06-25,RCPT-86819,Alex,Bread,7.78,4,49.65,Mobile
2023-05-26,RCPT-70359,Jordan,Eggs 12ct,3.05,3,31.15,Credit
2023-07-18,RCPT-53041,Alex,Milk 1L,7.82,1,28.67,Credit
2023-06-25,RCPT-52589,Sam,Milk 1L,8.93,1,19.68,Mobile
2023-08-01,RCPT-92289,Sam,Milk 1L,7.31,3,30.14,Mobile
2023-06-03,RCPT-76689,Sam,Coffee,6.71,1,56.24,Credit
2023-06-05,RCPT-69385,Alex,Bread,9.02,2,49.37,Cash
2023-05-04,RCPT-23339,Jordan,Eggs 12ct,11.47,2,11.76,Mobile
2023-06-11,RCPT-29845,Sam,Bread,7.19,1,15.1,Credit
2023-06-02,RCPT-28170,Sam,Apple 1kg,5.04,4,37.68,Cash
2023-06-16,RCPT-79852,Sam,Milk 1L,10.69,2,51.72,Credit
2023-06-21,RCPT-23411,Casey,Eggs 12ct,9.04,4,35.77,Debit
2023-07-01,RCPT-66668,Jordan,Bread,5.34,3,17.37,Cash
2023-05-22,RCPT-47182,Casey,Bread,8.72,3,10.26,Cash
2023-07-23,RCPT-90653,Casey,Apple 1kg,5.86,3,57.32,Mobile
2023-08-05,RCPT-57067,Jordan,Milk 1L,4.61,4,35.79,Mobile
2023-06-22,RCPT-68850,Alex,Coffee,7.86,2,20.99,Debit
2023-05-21,RCPT-90281,Sam,Eggs 12ct,2.51,3,50.78,Credit
2023-05-05,RCPT-86464,Sam,Bread,1.86,3,35.89,Credit
2023-06-15,RCPT-32244,Alex,Bread,10.1,4,32.61,Credit
2023-06-30,RCPT-45235,Casey,Coffee,7.04,1,39.91,Cash
2023-06-12,RCPT-30976,Sam,Apple 1kg,8.69,2,24.99,Cash
2023-06-20,RCPT-97356,Jordan,Milk 1L,8.97,2,35.08,Mobile
2023-05-14,RCPT-45687,Jordan,Eggs 12ct,6.07,3,48.91,Cash
2023-05-05,RCPT-60037,Sam,Bread,4.61,1,56.36,Credit
2023-05-05,RCPT-29732,Casey,Coffee,10.92,2,23.17,Mobile
2023-05-02,RCPT-95241,Alex,Coffee,4.61,3,36.24,Debit
2023-06-08,RCPT-91903,Jordan,Coffee,8.82,2,14.02,Credit
2023-07-07,RCPT-57520,Jordan,Bread,6.77,1,11.28,Debit
2023-05-19,RCPT-12976,Casey,Eggs 12ct,3.85,3,48.39,Cash
2023-05-27,RCPT-17327,Casey,Bread,4.8,1,8.53,Mobile
2023-07-01,RCPT-83477,Sam,Milk 1L,5.9,3,44.69,Credit
2023-06-06,RCPT-80593,Casey,Eggs 12ct,8.3,3,32.61,Cash
2023-07-22,RCPT-71118,Jordan,Coffee,6.48,3,16.88,Credit
2023-05-27,RCPT-77244,Jordan,Bread,11.01,2,21.91,Debit
2023-05-03,RCPT-21212,Jordan,Eggs 12ct,9.64,1,50.85,Debit
2023-05-08,RCPT-25045,Casey,Milk 1L,9.4,3,44.51,Debit
2023-06-28,RCPT-34356,Sam,Coffee,5.03,2,16.77,Mobile
2023-07-16,RCPT-44850,Alex,Milk 1L,11.71,1,19.5,Mobile
2023-05-08,RCPT-93433,Jordan,Bread,6.55,4,54.52,Credit
2023-05-13,RCPT-44852,Casey,Eggs 12ct,9.39,2,40.72,Mobile
2023-07-20,RCPT-20088,Alex,Bread,7.87,3,28.63,Credit
2023-06-21,RCPT-19331,Sam,Eggs 12ct,9.17,3,24.3,Cash
2023-05-31,RCPT-11643,Alex,Bread,8.4,4,11.75,Mobile
2023-07-24,RCPT-35470,Sam,Bread,8.03,2,58.41,Credit
2023-06-30,RCPT-30290,Jordan,Coffee,9.83,1,52.65,Mobile
2023-05-16,RCPT-16288,Jordan,Coffee,3.81,1,17.25,Mobile
2023-06-15,RCPT-43852,Casey,Apple 1kg,6.1,3,45.13,Mobile
2023-05-30,RCPT-61054,Jordan,Milk 1L,2.77,4,37.36,Mobile
2023-07-16,RCPT-37030,Sam,Apple 1kg,5.43,2,35.78,Mobile
2023-08-04,RCPT-59758,Sam,Apple 1kg,2.85,2,48.1,Credit
2023-05-15,RCPT-61951,Sam,Eggs 12ct,11.98,3,18.52,Credit
2023-07-14,RCPT-72404,Jordan,Coffee,8.31,4,47.8,Debit
2023-07-25,RCPT-28837,Sam,Coffee,6.3,4,18.68,Cash
2023-06-30,RCPT-60012,Casey,Coffee,3.8,1,5.29,Credit
2023-06-09,RCPT-18952,Casey,Apple 1kg,3.09,3,30.86,Debit
2023-06-21,RCPT-94196,Alex,Coffee,10.45,1,15.3,Mobile
2023-06-15,RCPT-59510,Alex,Bread,6.18,4,24.0,Credit
2023-05-07,RCPT-90409,Alex,Coffee,10.73,4,5.09,Cash
2023-05-04,RCPT-63509,Casey,Coffee,5.53,3,43.2,Mobile
2023-07-15,RCPT-43543,Sam,Milk 1L,6.63,3,31.97,Credit
2023-07-02,RCPT-72813,Alex,Eggs 12ct,1.97,1,52.52,Cash
2023-06-08,RCPT-37377,Sam,Coffee,7.88,1,48.09,Cash
2023-08-02,RCPT-52365,Jordan,Bread,6.22,4,44.34,Debit
2023-08-08,RCPT-54481,Jordan,Apple 1kg,10.34,3,24.14,Cash
2023-06-03,RCPT-64899,Alex,Coffee,4.65,3,5.36,Cash
2023-06-23,RCPT-68283,Jordan,Apple 1kg,3.28,2,10.92,Mobile
2023-05-17,RCPT-22103,Alex,Milk 1L,7.76,4,31.24,Cash
2023-06-19,RCPT-50796,Sam,Coffee,3.39,3,43.9,Debit
2023-06-18,RCPT-27087,Sam,Eggs 12ct,10.87,4,17.74,Mobile
2023-05-19,RCPT-30439,Sam,Eggs 12ct,3.04,1,38.43,Mobile
2023-07-31,RCPT-44050,Casey,Eggs 12ct,2.81,1,45.71,Debit
2023-07-08,RCPT-95822,Casey,Bread,5.75,3,57.74,Debit
2023-05-03,RCPT-11301,Alex,Bread,10.25,3,39.64,Cash
2023-06-01,RCPT-87724,Casey,Apple 1kg,5.6,2,27.53,Credit
2023-06-07,RCPT-29960,Alex,Coffee,6.52,3,7.86,Cash
2023-06-27,RCPT-20166,Casey,Apple 1kg,10.9,4,38.96,Cash
2023-07-08,RCPT-47597,Jordan,Milk 1L,11.86,1,25.99,Mobile
2023-05-03,RCPT-77132,Alex,Bread,5.0,4,29.19,Debit
2023-06-18,RCPT-39882,Sam,Coffee,8.84,3,43.97,Credit
2023-06-30,RCPT-10039,Jordan,Eggs 12ct,7.11,1,13.62,Cash
2023-06-12,RCPT-79173,Casey,Apple 1kg,1.88,4,23.85,Debit
2023-08-03,RCPT-76648,Alex,Coffee,11.22,3,1.95,Credit
2023-05-17,RCPT-33028,Jordan,Bread,9.76,2,16.87,Credit
2023-05-28,RCPT-95646,Casey,Eggs 12ct,4.0,3,52.98,Credit
2023-06-26,RCPT-30148,Sam,Coffee,7.67,4,39.43,Cash
2023-05-01,RCPT-11797,Sam,Coffee,1.77,2,38.54,Mobile
2023-05-16,RCPT-65575,Jordan,Milk 1L,8.35,3,52.87,Mobile
2023-06-27,RCPT-91107,Alex,Milk 1L,9.78,2,53.33,Debit
2023-07-14,RCPT-48124,Jordan,Coffee,9.13,4,51.95,Debit
2023-07-26,RCPT-26395,Jordan,Coffee,10.07,1,22.47,Debit
2023-07-29,RCPT-20742,Casey,Coffee,3.41,2,52.22,Mobile
2023-06-07,RCPT-77534,Casey,Apple 1kg,8.42,2,48.47,Debit
2023-05-14,RCPT-19921,Jordan,Coffee,1.96,2,26.43,Debit
2023-08-02,RCPT-22873,Casey,Bread,10.59,2,37.43,Credit
2023-05-14,RCPT-84616,Alex,Eggs 12ct,4.18,2,10.61,Debit
2023-06-21,RCPT-76031,Sam,Milk 1L,3.93,1,36.36,Cash
2023-05-24,RCPT-59458,Casey,Milk 1L,2.73,3,59.44,Cash
2023-05-24,RCPT-20324,Jordan,Apple 1kg,8.05,3,8.52,Credit
2023-07-27,RCPT-65400,Sam,Coffee,4.02,4,49.85,Credit
2023-08-08,RCPT-54437,Casey,Coffee,9.79,2,8.3,Cash
2023-07-28,RCPT-48795,Alex,Eggs 12ct,6.48,3,46.64,Mobile
2023-06-29,RCPT-38034,Jordan,Eggs 12ct,7.11,1,3.88,Mobile
2023-06-06,RCPT-53273,Casey,Bread,7.11,3,11.44,Debit
2023-07-27,RCPT-79715,Sam,Apple 1kg,7.0,1,18.04,Credit
2023-06-12,RCPT-10636,Sam,Eggs 12ct,10.51,3,45.14,Mobile
2023-07-10,RCPT-39392,Sam,Bread,1.97,1,47.96,Debit
2023-05-20,RCPT-37845,Alex,Eggs 12ct,8.58,2,31.54,Credit
2023-05-22,RCPT-19563,Sam,Milk 1L,9.7,1,16.08,Credit
2023-05-27,RCPT-49869,Jordan,Eggs 12ct,8.58,1,5.37,Credit
2023-05-10,RCPT-68804,Alex,Coffee,6.29,4,46.28,Mobile
2023-06-17,RCPT-11214,Jordan,Milk 1L,4.03,3,29.11,Credit
2023-05-08,RCPT-26071,Sam,Coffee,6.37,1,52.49,Cash
2023-05-04,RCPT-95952,Jordan,Eggs 12ct,4.13,3,36.9,Mobile
2023-05-25,RCPT-61897,Casey,Coffee,7.79,1,14.36,Debit
2023-05-20,RCPT-19564,Alex,Eggs 12ct,5.2,4,8.64,Mobile
2023-05-06,RCPT-64228,Sam,Eggs 12ct,7.36,1,18.53,Debit
2023-08-01,RCPT-36365,Casey,Apple 1kg,1.73,2,39.68,Cash
2023-05-12,RCPT-10413,Alex,Apple 1kg,5.46,2,59.15,Cash
2023-05-20,RCPT-67227,Jordan,Milk 1L,8.84,3,16.53,Debit
2023-07-14,RCPT-86679,Casey,Bread,6.67,1,39.55,Debit
2023-06-10,RCPT-67230,Jordan,Apple 1kg,3.86,2,15.33,Credit
2023-05-26,RCPT-27665,Alex,Eggs 12ct,1.62,3,51.85,Credit
2023-07-08,RCPT-15639,Casey,Eggs 12ct,11.03,3,46.93,Debit
2023-07-17,RCPT-24683,Sam,Apple 1kg,11.46,4,17.22,Mobile
2023-07-16,RCPT-70417,Alex,Coffee,6.84,4,59.06,Mobile
2023-06-03,RCPT-65357,Jordan,Bread,2.74,4,55.12,Debit
2023-06-15,RCPT-51933,Jordan,Eggs 12ct,6.76,1,45.17,Credit
2023-05-28,RCPT-18826,Casey,Eggs 12ct,9.26,4,26.43,Cash
2023-06-02,RCPT-26939,Casey,Apple 1kg,3.19,2,6.99,Mobile
2023-05-23,RCPT-38202,Alex,Milk 1L,5.02,3,22.91,Cash
2023-07-17,RCPT-39704,Jordan,Eggs 12ct,4.58,1,58.09,Credit
2023-06-16,RCPT-49516,Jordan,Eggs 12ct,7.34,4,3.49,Cash
2023-07-19,RCPT-26666,Sam,Coffee,7.14,2,12.13,Credit
2023-05-02,RCPT-31121,Casey,Eggs 12ct,2.41,3,56.33,Cash
2023-05-27,RCPT-69327,Casey,Eggs 12ct,8.56,3,40.63,Mobile
2023-07-12,RCPT-44308,Casey,Milk 1L,6.48,4,30.62,Mobile
2023-05-01,RCPT-57627,Sam,Bread,6.27,3,2.4,Debit
2023-05-22,RCPT-74907,Casey,Bread,2.15,2,8.08,Debit
2023-06-20,RCPT-72401,Jordan,Bread,1.89,4,13.43,Debit
2023-06-08,RCPT-37969,Sam,Coffee,3.72,3,56.27,Debit
2023-05-21,RCPT-57013,Sam,Eggs 12ct,2.15,1,7.44,Debit
2023-05-28,RCPT-44189,Casey,Apple 1kg,3.1,4,43.7,Cash
2023-08-08,RCPT-51634,Casey,Milk 1L,1.8,3,21.59,Cash
2023-07-04,RCPT-76508,Sam,Apple 1kg,10.71,1,22.71,Debit
2023-05-04,RCPT-13548,Alex,Bread,10.33,2,28.88,Credit
2023-06-04,RCPT-65010,Alex,Milk 1L,4.69,1,43.48,Mobile
2023-06-13,RCPT-73680,Jordan,Apple 1kg,1.54,1,38.54,Mobile
2023-06-08,RCPT-80104,Alex,Apple 1kg,5.64,3,29.38,Credit
2023-07-21,RCPT-24204,Casey,Coffee,2.59,4,10.73,Credit
2023-06-24,RCPT-63135,Casey,Milk 1L,8.0,4,45.01,Debit
2023-06-19,RCPT-64948,Casey,Bread,8.74,1,33.22,Mobile
2023-05-10,RCPT-56345,Jordan,Bread,10.8,4,42.19,Mobile
2023-06-02,RCPT-44838,Sam,Milk 1L,8.51,3,4.54,Debit
2023-07-01,RCPT-99317,Jordan,Bread,9.33,1,51.69,Cash
2023-08-02,RCPT-24942,Jordan,Eggs 12ct,11.7,1,3.62,Mobile
2023-05-07,RCPT-23520,Jordan,Milk 1L,5.01,4,50.64,Mobile
2023-06-06,RCPT-38613,Alex,Eggs 12ct,3.76,1,51.58,Cash
2023-08-02,RCPT-32425,Sam,Bread,9.16,1,14.57,Cash
2023-05-05,RCPT-88292,Casey,Coffee,4.71,1,27.92,Debit
2023-06-17,RCPT-30850,Jordan,Milk 1L,7.9,2,22.66,Credit
2023-07-02,RCPT-63537,Jordan,Bread,1.73,4,50.45,Debit
2023-06-01,RCPT-70251,Alex,Coffee,10.13,2,27.57,Cash
2023-05-11,RCPT-42149,Alex,Apple 1kg,2.79,3,2.11,Cash
2023-06-21,RCPT-66467,Jordan,Eggs 12ct,10.28,3,11.29,Credit
2023-06-14,RCPT-36442,Alex,Bread,1.95,4,50.46,Mobile
2023-05-16,RCPT-75789,Jordan,Coffee,9.34,4,33.32,Cash
2023-08-06,RCPT-23974,Jordan,Milk 1L,3.45,1,50.63,Credit
2023-05-22,RCPT-28074,Jordan,Bread,5.04,2,21.69,Cash
2023-07-22,RCPT-50827,Alex,Milk 1L,7.16,1,11.2,Debit
2023-06-11,RCPT-19094,Jordan,Bread,3.77,1,58.08,Mobile
2023-07-11,RCPT-37877,Casey,Milk 1L,5.4,4,3.5,Credit
2023-07-12,RCPT-99754,Sam,Apple 1kg,6.19,3,35.19,Cash
2023-05-18,RCPT-71766,Casey,Eggs 12ct,10.35,4,10.96,Credit
2023-05-25,RCPT-47982,Alex,Eggs 12ct,4.72,2,42.36,Mobile
2023-08-02,RCPT-66685,Casey,Bread,10.21,3,9.18,Cash
2023-06-25,RCPT-45123,Sam,Eggs 12ct,10.28,3,30.88,Debit
2023-06-12,RCPT-95230,Casey,Eggs 12ct,2.94,2,18.11,Debit
2023-05-20,RCPT-55495,Sam,Milk 1L,7.52,1,41.55,Mobile
2023-07-24,RCPT-50617,Alex,Coffee,9.17,4,18.39,Credit
2023-08-05,RCPT-10784,Sam,Apple 1kg,5.01,1,27.94,Credit
2023-07-25,RCPT-32404,Jordan,Apple 1kg,6.56,2,48.73,Debit
2023-06-02,RCPT-10592,Casey,Bread,7.47,2,59.42,Cash
2023-05-29,RCPT-28233,Jordan,Bread,10.69,3,37.21,Cash
2023-06-21,RCPT-51145,Jordan,Apple 1kg,7.07,3,39.75,Debit
2023-07-05,RCPT-44089,Jordan,Eggs 12ct,5.07,2,28.53,Debit
2023-06-11,RCPT-21510,Sam,Bread,9.04,4,45.38,Cash
2023-08-08,RCPT-86178,Jordan,Eggs 12ct,10.23,1,18.54,Cash
2023-07-13,RCPT-35630,Sam,Milk 1L,11.89,3,54.01,Cash
2023-07-20,RCPT-45262,Alex,Eggs 12ct,6.0,3,25.24,Cash
2023-06-06,RCPT-19258,Jordan,Bread,6.78,2,13.55,Debit
2023-07-22,RCPT-15331,Casey,Milk 1L,10.01,2,42.32,Credit
2023-06-10,RCPT-42526,Alex,Bread,1.97,1,35.17,Mobile
2023-05-11,RCPT-94767,Alex,Apple 1kg,1.56,2,47.02,Cash
2023-06-10,RCPT-14130,Jordan,Eggs 12ct,8.47,2,8.88,Cash
2023-07-12,RCPT-41286,Jordan,Eggs 12ct,4.37,4,50.06,Mobile
2023-05-13,RCPT-36813,Casey,Coffee,3.9,4,59.24,Debit
2023-07-02,RCPT-35245,Casey,Milk 1L,8.91,3,54.56,Credit
2023-05-04,RCPT-13404,Casey,Eggs 12ct,10.39,1,19.2,Credit
2023-06-06,RCPT-75291,Sam,Bread,3.4,2,45.62,Cash
2023-06-29,RCPT-48063,Casey,Bread,8.78,3,53.25,Credit
2023-05-23,RCPT-69480,Jordan,Coffee,10.35,4,51.37,Mobile
2023-06-19,RCPT-51317,Jordan,Apple 1kg,2.95,2,19.61,Mobile
2023-06-05,RCPT-93793,Jordan,Coffee,9.54,2,18.47,Mobile
2023-06-07,RCPT-49344,Jordan,Bread,11.59,1,5.45,Debit
2023-06-07,RCPT-91623,Jordan,Apple 1kg,3.7,2,36.19,Mobile
2023-06-14,RCPT-21941,Alex,Apple 1kg,3.22,2,18.07,Credit
2023-05-09,RCPT-96903,Jordan,Eggs 12ct,1.66,4,22.5,Cash
2023-06-29,RCPT-35857,Casey,Milk 1L,11.39,4,40.94,Debit
2023-07-07,RCPT-16929,Casey,Milk 1L,6.87,4,22.0,Credit
2023-05-03,RCPT-62704,Casey,Eggs 12ct,2.53,4,12.12,Cash
2023-05-24,RCPT-77321,Jordan,Apple 1kg,4.92,3,18.25,Mobile
2023-07-17,RCPT-36658,Casey,Milk 1L,7.35,4,27.26,Mobile
2023-07-26,RCPT-89347,Sam,Bread,8.78,4,21.79,Credit
2023-07-28,RCPT-12785,Sam,Apple 1kg,6.91,2,15.08,Mobile
2023-06-17,RCPT-72704,Alex,Apple 1kg,2.81,1,38.69,Credit
2023-05-12,RCPT-63411,Jordan,Apple 1kg,9.04,4,24.04,Debit
2023-06-20,RCPT-58463,Alex,Milk 1L,2.72,1,11.34,Debit
2023-07-30,RCPT-98868,Alex,Milk 1L,2.2,3,40.29,Credit
2023-06-16,RCPT-87695,Casey,Bread,1.78,1,46.01,Credit
2023-07-18,RCPT-67259,Alex,Coffee,10.88,3,32.44,Debit
2023-07-28,RCPT-88946,Sam,Apple 1kg,8.26,3,16.47,Cash
2023-05-24,RCPT-95595,Casey,Apple 1kg,10.11,4,42.56,Cash
2023-05-16,RCPT-19461,Casey,Milk 1L,5.59,4,56.47,Debit
2023-07-23,RCPT-42418,Alex,Apple 1kg,4.26,4,35.33,Mobile
2023-06-08,RCPT-25405,Casey,Bread,11.8,2,19.98,Debit
2023-05-07,RCPT-45602,Sam,Milk 1L,5.81,1,24.99,Cash
2023-08-03,RCPT-49429,Sam,Coffee,4.03,2,34.23,Cash
2023-08-07,RCPT-58876,Alex,Coffee,3.27,1,26.24,Debit
2023-07-02,RCPT-90197,Jordan,Eggs 12ct,9.03,3,51.5,Debit
2023-07-21,RCPT-61169,Jordan,Coffee,10.07,2,5.46,Mobile
2023-06-01,RCPT-18166,Jordan,Eggs 12ct,3.59,3,21.63,Mobile
2023-06-07,RCPT-21493,Casey,Milk 1L,11.35,4,3.74,Mobile
2023-06-20,RCPT-67212,Alex,Eggs 12ct,5.74,3,28.93,Credit
2023-05-05,RCPT-47581,Casey,Coffee,7.15,2,19.71,Cash
2023-05-01,RCPT-51865,Alex,Apple 1kg,6.38,4,4.41,Debit
2023-07-01,RCPT-56900,Casey,Bread,8.83,2,30.24,Credit
2023-06-01,RCPT-43191,Alex,Coffee,11.06,4,17.59,Cash
2023-08-05,RCPT-38648,Sam,Apple 1kg,4.71,3,10.69,Debit
2023-07-13,RCPT-92383,Sam,Apple 1kg,9.07,4,59.14,Credit
2023-06-04,RCPT-34472,Alex,Eggs 12ct,11.24,3,9.13,Cash
2023-07-29,RCPT-20592,Casey,Milk 1L,4.51,4,18.86,Mobile
2023-07-09,RCPT-19268,Casey,Apple 1kg,10.48,2,3.9,Credit
2023-06-03,RCPT-91760,Jordan,Eggs 12ct,3.21,2,14.45,Debit
2023-07-22,RCPT-36476,Sam,Eggs 12ct,2.67,4,28.9,Cash
2023-06-01,RCPT-41020,Jordan,Bread,2.71,3,40.32,Debit
2023-06-14,RCPT-82480,Sam,Milk 1L,10.8,3,50.73,Mobile
2023-07-16,RCPT-20007,Jordan,Eggs 12ct,4.63,2,26.2,Mobile
2023-07-21,RCPT-85398,Sam,Bread,8.7,4,3.52,Cash
2023-07-19,RCPT-71531,Jordan,Eggs 12ct,8.14,3,54.35,Debit
2023-06-27,RCPT-94301,Sam,Coffee,11.05,4,50.62,Mobile
2023-06-17,RCPT-87094,Jordan,Milk 1L,4.48,3,35.3,Credit
2023-05-27,RCPT-89940,Sam,Milk 1L,4.24,3,15.09,Credit
2023-06-15,RCPT-48058,Casey,Milk 1L,7.16,1,55.06,Credit
2023-07-02,RCPT-51918,Alex,Bread,6.94,3,17.33,Credit
2023-06-02,RCPT-40939,Sam,Apple 1kg,9.85,4,50.84,Debit
2023-07-31,RCPT-11791,Alex,Bread,7.53,2,12.03,Debit
2023-07-20,RCPT-77021,Alex,Coffee,3.21,4,45.52,Mobile
2023-07-17,RCPT-47600,Jordan,Apple 1kg,8.46,3,3.03,Cash
2023-08-01,RCPT-43902,Alex,Milk 1L,8.86,1,36.64,Mobile
2023-05-17,RCPT-63978,Alex,Apple 1kg,7.0,3,26.17,Credit
2023-07-26,RCPT-26678,Casey,Eggs 12ct,2.26,3,37.76,Mobile
2023-06-16,RCPT-10966,Casey,Coffee,5.19,2,53.43,Mobile
2023-05-15,RCPT-19159,Alex,Apple 1kg,3.66,4,57.88,Credit
2023-05-30,RCPT-82654,Sam,Bread,8.4,1,32.19,Debit
2023-08-04,RCPT-93526,Casey,Eggs 12ct,10.44,3,48.36,Debit
2023-07-03,RCPT-82890,Sam,Apple 1kg,5.75,4,37.58,Mobile
2023-07-07,RCPT-92349,Sam,Bread,5.77,3,41.7,Cash
2023-08-02,RCPT-60099,Jordan,Milk 1L,10.26,1,9.04,Credit
2023-07-17,RCPT-81328,Alex,Bread,2.95,1,7.52,Mobile
2023-08-05,RCPT-31427,Sam,Coffee,8.89,3,51.74,Mobile
2023-06-24,RCPT-35961,Alex,Apple 1kg,7.15,3,26.38,Cash
2023-05-30,RCPT-15912,Casey,Coffee,3.9,2,55.5,Debit
2023-05-28,RCPT-30650,Casey,Eggs 12ct,2.12,3,13.08,Debit
2023-06-09,RCPT-67726,Casey,Milk 1L,8.35,4,31.9,Mobile
2023-07-14,RCPT-86745,Jordan,Apple 1kg,3.51,1,5.6,Mobile
2023-06-28,RCPT-60516,Sam,Bread,8.65,1,54.57,Debit
2023-08-08,RCPT-14392,Jordan,Bread,4.92,4,27.6,Mobile
2023-06-13,RCPT-46408,Casey,Apple 1kg,10.88,4,35.49,Debit
2023-05-11,RCPT-22469,Alex,Apple 1kg,5.96,4,58.74,Cash
2023-06-15,RCPT-13184,Alex,Eggs 12ct,4.49,2,44.06,Cash
2023-07-10,RCPT-56874,Jordan,Coffee,8.94,1,53.83,Credit
2023-06-15,RCPT-66414,Jordan,Eggs 12ct,7.19,1,11.9,Cash
2023-07-06,RCPT-55049,Jordan,Apple 1kg,8.5,1,46.32,Cash
2023-06-16,RCPT-51329,Alex,Eggs 12ct,8.21,1,28.27,Mobile
2023-06-26,RCPT-32078,Alex,Eggs 12ct,5.01,3,10.26,Cash
2023-08-01,RCPT-97643,Sam,Apple 1kg,8.11,2,4.1,Cash
2023-07-06,RCPT-96589,Sam,Coffee,6.81,2,22.78,Cash
2023-05-15,RCPT-25589,Casey,Milk 1L,3.16,2,50.54,Mobile
2023-08-05,RCPT-73436,Casey,Milk 1L,7.94,4,38.36,Mobile
2023-06-18,RCPT-40062,Alex,Apple 1kg,6.51,3,25.99,Mobile
2023-06-29,RCPT-26036,Sam,Coffee,9.25,1,15.53,Debit
2023-05-12,RCPT-96591,Sam,Coffee,4.69,2,14.35,Cash
2023-05-22,RCPT-58415,Alex,Milk 1L,7.7,4,33.51,Debit
2023-06-22,RCPT-55188,Jordan,Bread,11.75,2,5.09,Cash
2023-05-14,RCPT-17634,Casey,Coffee,11.87,3,50.15,Cash
2023-07-14,RCPT-45532,Alex,Milk 1L,10.54,4,57.31,Debit
2023-05-16,RCPT-96650,Sam,Eggs 12ct,11.74,1,2.98,Debit
2023-07-17,RCPT-83345,Jordan,Apple 1kg,9.43,4,39.76,Cash
2023-05-18,RCPT-88055,Casey,Coffee,6.8,1,15.71,Mobile
2023-08-03,RCPT-23629,Jordan,Milk 1L,10.91,1,44.15,Cash
2023-06-25,RCPT-94535,Casey,Milk 1L,3.65,2,53.86,Cash
2023-07-19,RCPT-85628,Jordan,Eggs 12ct,2.15,4,37.14,Mobile
2023-05-09,RCPT-44953,Casey,Apple 1kg,6.84,2,32.59,Mobile
2023-07-27,RCPT-80931,Jordan,Coffee,5.27,2,45.5,Debit
2023-05-26,RCPT-36050,Sam,Coffee,9.21,4,18.49,Mobile
2023-07-18,RCPT-71114,Jordan,Bread,8.8,1,27.43,Credit
2023-06-21,RCPT-38589,Jordan,Coffee,2.59,1,57.63,Cash
2023-05-02,RCPT-28960,Jordan,Eggs 12ct,2.4,3,37.05,Credit
2023-08-06,RCPT-67271,Casey,Bread,7.78,1,34.66,Cash
2023-06-04,RCPT-63063,Sam,Milk 1L,3.75,4,29.84,Mobile
2023-07-03,RCPT-52016,Jordan,Eggs 12ct,4.33,2,56.96,Mobile
2023-05-02,RCPT-56863,Casey,Apple 1kg,8.59,3,46.29,Credit
2023-06-12,RCPT-30185,Alex,Bread,4.64,2,7.54,Mobile
2023-06-07,RCPT-54818,Alex,Apple 1kg,6.16,3,4.46,Cash
2023-06-01,RCPT-68129,Alex,Coffee,5.18,2,37.41,Cash
2023-06-17,RCPT-61211,Sam,Milk 1L,5.07,3,58.87,Debit
2023-06-19,RCPT-45109,Jordan,Milk 1L,2.28,4,30.98,Debit
2023-07-05,RCPT-99358,Sam,Eggs 12ct,10.92,3,8.1,Mobile
2023-07-15,RCPT-30044,Alex,Coffee,2.7,2,37.72,Mobile
2023-06-22,RCPT-94047,Jordan,Bread,11.56,2,45.49,Mobile
2023-05-04,RCPT-71890,Casey,Bread,2.54,1,24.44,Cash
2023-06-04,RCPT-47597,Casey,Apple 1kg,8.47,2,14.17,Cash
2023-06-04,RCPT-32908,Casey,Coffee,11.39,3,56.71,Credit
2023-07-09,RCPT-24163,Casey,Milk 1L,8.81,2,14.15,Mobile
2023-05-02,RCPT-31181,Casey,Eggs 12ct,10.02,1,17.46,Credit
2023-07-04,RCPT-30416,Sam,Apple 1kg,4.77,2,44.69,Credit
2023-06-14,RCPT-21157,Alex,Milk 1L,9.87,3,55.03,Debit
2023-07-11,RCPT-85233,Alex,Apple 1kg,5.09,4,19.33,Cash
2023-07-30,RCPT-71263,Alex,Apple 1kg,10.76,1,32.88,Mobile
2023-07-19,RCPT-24455,Jordan,Bread,8.93,2,54.86,Debit
2023-07-21,RCPT-26475,Alex,Coffee,3.74,4,4.33,Mobile
2023-07-21,RCPT-11473,Casey,Eggs 12ct,10.3,3,49.36,Mobile
2023-05-30,RCPT-20862,Sam,Coffee,5.64,2,14.98,Credit
2023-07-20,RCPT-43112,Alex,Eggs 12ct,7.5,3,8.92,Mobile
2023-07-06,RCPT-44236,Casey,Milk 1L,8.48,2,31.2,Debit
2023-07-05,RCPT-24154,Sam,Eggs 12ct,2.43,3,38.57,Credit
2023-06-21,RCPT-98431,Alex,Bread,11.59,4,56.19,Debit
2023-05-08,RCPT-52402,Jordan,Milk 1L,9.84,4,16.59,Credit
2023-06-16,RCPT-77381,Alex,Eggs 12ct,11.35,2,11.74,Debit
2023-07-30,RCPT-87160,Sam,Apple 1kg,2.03,1,29.72,Credit
2023-08-08,RCPT-78272,Sam,Eggs 12ct,9.13,3,16.87,Mobile
2023-06-23,RCPT-24152,Casey,Bread,5.42,1,53.47,Credit
2023-07-14,RCPT-76259,Jordan,Coffee,3.64,1,27.89,Debit
2023-05-03,RCPT-93487,Casey,Bread,7.64,2,51.45,Credit
2023-07-17,RCPT-47882,Alex,Bread,5.02,3,48.77,Mobile
2023-05-09,RCPT-66557,Alex,Apple 1kg,3.57,3,47.18,Cash
2023-07-21,RCPT-83215,Jordan,Milk 1L,4.24,4,17.85,Credit
2023-06-10,RCPT-58679,Sam,Bread,1.97,3,58.07,Mobile
2023-05-21,RCPT-26111,Jordan,Milk 1L,10.87,4,22.32,Cash
2023-05-21,RCPT-60397,Sam,Bread,9.96,1,26.8,Cash
2023-07-06,RCPT-30228,Sam,Apple 1kg,4.58,4,45.26,Cash
2023-05-26,RCPT-37945,Casey,Eggs 12ct,9.38,1,50.11,Cash
2023-07-23,RCPT-77555,Jordan,Bread,9.57,1,16.46,Credit
2023-07-18,RCPT-59033,Casey,Coffee,2.95,3,32.16,Cash
2023-06-19,RCPT-17982,Jordan,Apple 1kg,6.69,2,13.08,Debit
2023-07-27,RCPT-15544,Sam,Milk 1L,3.33,1,54.63,Credit
2023-07-03,RCPT-16443,Jordan,Bread,4.52,1,53.62,Debit
2023-07-24,RCPT-34116,Jordan,Milk 1L,7.54,4,53.69,Cash
2023-05-13,RCPT-80498,Sam,Milk 1L,7.12,1,27.42,Cash
2023-08-06,RCPT-80617,Casey,Coffee,8.64,4,6.85,Debit
2023-05-03,RCPT-76043,Casey,Apple 1kg,9.88,4,32.91,Credit
2023-05-27,RCPT-44317,Alex,Coffee,9.83,3,45.58,Debit
2023-07-06,RCPT-81557,Sam,Coffee,7.54,2,5.54,Debit
2023-05-10,RCPT-53095,Casey,Milk 1L,3.88,4,51.0,Cash
2023-07-04,RCPT-48527,Casey,Apple 1kg,10.94,2,19.57,Cash
2023-06-05,RCPT-34847,Sam,Eggs 12ct,5.49,3,12.43,Mobile
2023-05-21,RCPT-64106,Jordan,Eggs 12ct,9.59,1,52.17,Cash
2023-05-12,RCPT-86743,Alex,Eggs 12ct,7.58,3,34.56,Credit
2023-07-07,RCPT-96858,Sam,Bread,6.68,1,53.58,Mobile
2023-05-29,RCPT-82672,Sam,Eggs 12ct,9.18,4,3.79,Mobile
2023-05-28,RCPT-18309,Alex,Bread,6.06,1,57.12,Cash
2023-06-27,RCPT-73271,Jordan,Bread,3.7,1,40.66,Cash
2023-07-16,RCPT-32673,Casey,Milk 1L,9.04,1,55.34,Mobile
2023-06-16,RCPT-39940,Sam,Bread,9.66,2,6.26,Mobile
2023-07-13,RCPT-96147,Sam,Apple 1kg,1.81,3,12.6,Debit
2023-05-07,RCPT-57784,Jordan,Apple 1kg,1.77,3,27.43,Cash
2023-06-19,RCPT-24819,Jordan,Coffee,4.91,4,47.35,Credit
2023-05-27,RCPT-27096,Casey,Milk 1L,8.53,2,53.05,Cash
2023-06-04,RCPT-39416,Sam,Milk 1L,9.45,3,16.49,Cash
2023-05-25,RCPT-28479,Jordan,Eggs 12ct,9.58,2,33.49,Cash
2023-07-01,RCPT-17785,Jordan,Coffee,1.58,1,8.44,Mobile
2023-05-18,RCPT-14389,Alex,Eggs 12ct,3.2,2,34.46,Credit
2023-05-08,RCPT-73694,Sam,Apple 1kg,6.48,2,39.11,Credit
2023-07-29,RCPT-14799,Alex,Bread,3.51,2,47.5,Mobile
2023-07-03,RCPT-93762,Alex,Apple 1kg,6.64,3,26.96,Credit
2023-06-05,RCPT-34404,Sam,Bread,9.13,1,56.58,Debit
2023-06-13,RCPT-56378,Alex,Apple 1kg,11.21,4,16.23,Debit
2023-06-11,RCPT-78220,Jordan,Bread,7.06,2,43.76,Mobile
2023-07-11,RCPT-60339,Jordan,Milk 1L,8.28,1,43.93,Debit
2023-06-10,RCPT-53748,Casey,Bread,11.85,2,16.65,Debit
2023-06-14,RCPT-95285,Jordan,Apple 1kg,6.39,2,43.03,Credit
2023-06-30,RCPT-16602,Sam,Coffee,6.73,2,33.79,Cash
2023-05-30,RCPT-20105,Casey,Eggs 12ct,1.57,1,18.04,Mobile
2023-06-04,RCPT-73050,Casey,Milk 1L,7.54,2,44.0,Mobile
2023-05-30,RCPT-77678,Casey,Eggs 12ct,10.29,3,14.3,Mobile
2023-08-01,RCPT-89364,Sam,Bread,4.13,3,34.27,Mobile
2023-05-25,RCPT-63417,Sam,Apple 1kg,3.54,2,46.5,Debit
2023-06-13,RCPT-92635,Alex,Coffee,4.67,1,36.84,Mobile
2023-05-24,RCPT-87161,Casey,Milk 1L,3.26,3,5.77,Debit
2023-06-15,RCPT-22208,Sam,Coffee,5.24,4,31.5,Credit
2023-06-27,RCPT-71052,Jordan,Coffee,8.37,4,35.86,Mobile
2023-06-27,RCPT-64438,Alex,Bread,2.36,3,52.73,Cash
2023-06-13,RCPT-70446,Jordan,Eggs 12ct,5.72,1,12.25,Debit
2023-08-06,RCPT-42238,Casey,Coffee,5.24,3,39.07,Cash
2023-07-18,RCPT-14932,Sam,Eggs 12ct,7.87,4,14.79,Debit
2023-07-13,RCPT-53779,Jordan,Apple 1kg,8.59,1,37.0,Mobile
2023-06-24,RCPT-49069,Sam,Bread,2.22,2,22.62,Cash
2023-05-01,RCPT-59517,Jordan,Apple 1kg,2.5,4,43.9,Credit
2023-05-15,RCPT-80259,Sam,Bread,5.67,3,6.64,Credit
2023-08-04,RCPT-90403,Sam,Apple 1kg,6.41,4,52.21,Debit
2023-05-21,RCPT-68322,Alex,Milk 1L,6.19,3,20.34,Debit
2023-07-30,RCPT-82207,Alex,Eggs 12ct,11.46,1,25.01,Credit
2023-06-12,RCPT-18923,Jordan,Coffee,11.09,4,26.54,Cash
2023-05-29,RCPT-52430,Casey,Milk 1L,8.92,3,36.45,Debit
2023-05-01,RCPT-41424,Alex,Bread,2.14,4,40.29,Mobile
2023-06-18,RCPT-87682,Casey,Milk 1L,8.92,3,48.05,Cash
2023-05-19,RCPT-95661,Sam,Milk 1L,3.45,1,36.79,Mobile
2023-06-14,RCPT-33473,Alex,Bread,11.11,2,49.59,Credit
2023-07-10,RCPT-36889,Jordan,Milk 1L,2.54,4,57.9,Mobile
2023-06-24,RCPT-67421,Sam,Eggs 12ct,4.4,3,46.78,Credit
2023-06-01,RCPT-84005,Sam,Milk 1L,10.1,3,47.83,Debit
2023-06-18,RCPT-94767,Casey,Milk 1L,2.12,4,32.94,Cash
2023-07-07,RCPT-22572,Sam,Apple 1kg,10.83,4,7.2,Credit
2023-05-28,RCPT-85281,Sam,Eggs 12ct,2.56,1,48.88,Mobile
2023-06-27,RCPT-99691,Sam,Apple 1kg,8.97,3,52.76,Debit
2023-07-15,RCPT-14946,Sam,Eggs 12ct,10.02,3,19.89,Mobile
2023-07-28,RCPT-34025,Sam,Bread,2.13,4,44.56,Mobile
2023-05-05,RCPT-10791,Casey,Coffee,6.89,3,22.23,Credit
2023-07-30,RCPT-48915,Sam,Coffee,11.5,2,48.74,Debit
2023-07-09,RCPT-96593,Sam,Milk 1L,3.57,4,43.35,Debit
2023-05-26,RCPT-27081,Sam,Bread,5.25,1,8.76,Credit
2023-05-24,RCPT-15890,Sam,Apple 1kg,12.0,2,41.69,Mobile
2023-07-25,RCPT-80133,Alex,Coffee,8.19,2,13.24,Debit
2023-06-18,RCPT-24623,Jordan,Milk 1L,2.16,1,22.38,Debit
2023-06-07,RCPT-36568,Jordan,Eggs 12ct,3.12,2,41.82,Cash
2023-05-02,RCPT-51759,Sam,Bread,11.48,3,30.42,Cash
2023-06-14,RCPT-74553,Alex,Coffee,5.6,1,6.22,Mobile
2023-05-11,RCPT-67653,Alex,Eggs 12ct,4.52,4,33.32,Mobile
2023-07-15,RCPT-84251,Sam,Eggs 12ct,1.92,2,42.84,Mobile
2023-05-30,RCPT-56533,Sam,Bread,10.93,3,22.11,Mobile
2023-07-02,RCPT-26376,Jordan,Coffee,2.27,1,12.92,Debit
2023-05-27,RCPT-72795,Casey,Bread,10.85,2,37.94,Cash
2023-05-15,RCPT-94506,Casey,Milk 1L,4.75,2,30.65,Cash
2023-05-21,RCPT-30452,Jordan,Milk 1L,5.67,3,22.62,Credit
2023-08-01,RCPT-23317,Casey,Bread,3.45,3,39.93,Debit
2023-05-02,RCPT-32850,Sam,Apple 1kg,8.85,1,39.73,Cash
2023-05-04,RCPT-10352,Jordan,Coffee,5.26,1,53.72,Credit
2023-07-15,RCPT-89999,Sam,Eggs 12ct,4.04,3,48.83,Mobile
2023-06-22,RCPT-87140,Casey,Bread,4.93,2,57.64,Credit
2023-05-24,RCPT-33785,Alex,Apple 1kg,7.16,2,17.2,Debit
2023-07-14,RCPT-90586,Jordan,Bread,9.19,4,25.76,Cash
2023-07-12,RCPT-52742,Alex,Coffee,6.13,2,59.25,Mobile
2023-07-03,RCPT-12533,Alex,Apple 1kg,1.65,4,46.69,Credit
2023-05-25,RCPT-52784,Jordan,Coffee,8.36,1,33.46,Cash
2023-07-25,RCPT-79617,Jordan,Bread,3.65,4,58.58,Credit
2023-06-20,RCPT-22068,Casey,Eggs 12ct,10.27,4,32.5,Mobile
2023-06-11,RCPT-43261,Jordan,Milk 1L,9.03,2,34.11,Mobile
2023-07-18,RCPT-97660,Sam,Milk 1L,2.07,3,51.52,Cash
2023-07-23,RCPT-90734,Jordan,Eggs 12ct,3.97,3,10.25,Debit
2023-06-18,RCPT-46683,Casey,Eggs 12ct,7.74,2,49.39,Credit
2023-07-01,RCPT-84434,Sam,Apple 1kg,11.07,1,34.16,Debit
2023-05-22,RCPT-53259,Alex,Bread,7.48,2,4.83,Debit
2023-05-05,RCPT-32551,Alex,Bread,4.6,2,13.94,Credit
2023-06-03,RCPT-31049,Sam,Apple 1kg,4.17,1,58.7,Mobile
2023-05-17,RCPT-31643,Casey,Bread,5.76,3,7.62,Debit
2023-05-22,RCPT-41134,Casey,Coffee,4.68,2,19.09,Credit
2023-05-01,RCPT-70577,Alex,Coffee,9.41,4,26.79,Credit
2023-05-06,RCPT-26901,Alex,Coffee,5.07,1,35.25,Debit
2023-05-29,RCPT-39920,Sam,Bread,8.73,2,5.24,Mobile
2023-07-10,RCPT-43144,Jordan,Bread,4.19,4,24.96,Debit
2023-07-22,RCPT-53192,Jordan,Bread,3.18,2,54.2,Credit
2023-05-13,RCPT-54093,Casey,Milk 1L,3.13,4,34.75,Credit
2023-08-03,RCPT-69502,Sam,Apple 1kg,6.53,1,49.62,Cash
2023-05-29,RCPT-70584,Sam,Coffee,1.69,3,25.66,Debit
2023-08-08,RCPT-18260,Jordan,Eggs 12ct,1.63,4,56.03,Credit
2023-06-12,RCPT-34864,Jordan,Eggs 12ct,6.9,3,47.51,Mobile
2023-06-11,RCPT-73669,Alex,Coffee,2.27,2,20.96,Credit
2023-05-10,RCPT-60392,Casey,Bread,7.24,4,43.54,Credit
2023-08-08,RCPT-65084,Sam,Apple 1kg,10.27,2,5.31,Mobile
2023-05-09,RCPT-16426,Alex,Eggs 12ct,9.19,4,41.9,Debit
2023-05-30,RCPT-69659,Sam,Milk 1L,6.43,1,55.24,Credit
2023-05-26,RCPT-49107,Alex,Coffee,5.09,2,47.63,Mobile
2023-06-10,RCPT-39189,Sam,Apple 1kg,3.01,3,35.23,Mobile
2023-07-12,RCPT-74420,Sam,Coffee,5.34,2,32.67,Mobile
2023-07-25,RCPT-92169,Alex,Bread,11.07,4,10.09,Cash
2023-07-29,RCPT-96820,Alex,Coffee,9.82,2,21.46,Debit
2023-05-21,RCPT-53057,Jordan,Bread,7.07,1,13.35,Debit
2023-05-23,RCPT-73348,Alex,Bread,1.64,1,4.92,Cash
2023-05-05,RCPT-96465,Casey,Bread,5.02,2,7.89,Credit
2023-07-31,RCPT-73659,Sam,Eggs 12ct,10.82,4,14.81,Credit
2023-05-17,RCPT-54899,Casey,Apple 1kg,2.63,3,22.9,Mobile
2023-07-31,RCPT-75481,Sam,Coffee,2.96,4,19.7,Cash
2023-07-31,RCPT-48243,Alex,Eggs 12ct,2.04,2,35.85,Debit
2023-06-04,RCPT-14989,Sam,Milk 1L,8.72,1,25.59,Credit
2023-07-19,RCPT-24422,Alex,Apple 1kg,4.17,4,35.18,Mobile
2023-05-18,RCPT-51109,Sam,Bread,2.69,1,8.0,Cash
2023-08-02,RCPT-28973,Sam,Coffee,2.19,2,11.32,Mobile
2023-07-15,RCPT-52265,Jordan,Coffee,7.56,3,32.8,Debit
2023-06-02,RCPT-92286,Alex,Eggs 12ct,5.87,3,39.61,Mobile
2023-05-31,RCPT-12192,Casey,Eggs 12ct,10.8,2,20.88,Credit
2023-07-31,RCPT-42820,Jordan,Milk 1L,6.01,4,51.69,Cash
2023-08-02,RCPT-46740,Casey,Apple 1kg,10.97,2,8.84,Debit
2023-06-30,RCPT-57097,Sam,Apple 1kg,5.56,4,32.62,Debit
2023-06-25,RCPT-45402,Jordan,Milk 1L,6.16,1,23.32,Mobile
2023-05-03,RCPT-85551,Alex,Apple 1kg,6.95,3,15.73,Debit
2023-07-31,RCPT-97857,Alex,Milk 1L,9.17,4,8.93,Cash
2023-05-04,RCPT-36416,Casey,Coffee,9.2,1,9.51,Credit
2023-07-11,RCPT-94496,Alex,Bread,4.29,1,42.62,Debit
2023-07-03,RCPT-53151,Alex,Coffee,6.82,1,31.56,Debit
2023-05-27,RCPT-58191,Sam,Bread,3.16,2,24.08,Debit
2023-06-19,RCPT-98002,Jordan,Bread,2.9,2,48.1,Debit
2023-07-17,RCPT-50875,Casey,Eggs 12ct,7.51,2,4.49,Credit
2023-05-31,RCPT-29101,Sam,Apple 1kg,10.11,4,46.9,Mobile
2023-06-03,RCPT-56026,Sam,Eggs 12ct,3.56,3,2.77,Debit
2023-07-04,RCPT-51226,Casey,Eggs 12ct,2.33,3,45.06,Credit
2023-05-06,RCPT-31892,Casey,Bread,6.48,2,33.58,Credit
2023-07-02,RCPT-70560,Sam,Coffee,6.41,4,30.51,Credit
2023-07-05,RCPT-77501,Casey,Coffee,7.73,3,20.97,Mobile
2023-06-11,RCPT-89373,Jordan,Eggs 12ct,11.94,3,27.6,Cash
2023-06-28,RCPT-89307,Casey,Coffee,6.2,4,38.4,Mobile
2023-07-10,RCPT-38024,Jordan,Bread,2.29,2,27.54,Mobile
2023-05-12,RCPT-99789,Casey,Apple 1kg,1.82,1,17.11,Mobile
2023-07-25,RCPT-23358,Sam,Eggs 12ct,10.04,2,22.8,Credit
2023-06-17,RCPT-71311,Jordan,Eggs 12ct,3.25,2,47.4,Credit
2023-07-26,RCPT-55960,Sam,Eggs 12ct,9.71,2,40.83,Cash
2023-08-01,RCPT-94097,Jordan,Eggs 12ct,10.25,3,48.68,Mobile
2023-07-12,RCPT-42479,Alex,Milk 1L,9.13,3,34.77,Cash
2023-05-16,RCPT-38580,Jordan,Milk 1L,4.93,1,46.9,Cash
2023-07-05,RCPT-49941,Jordan,Eggs 12ct,2.68,2,36.29,Mobile
2023-07-13,RCPT-75880,Alex,Apple 1kg,9.28,1,7.42,Debit
2023-07-05,RCPT-36165,Alex,Coffee,11.81,4,30.88,Credit
2023-05-06,RCPT-34811,Jordan,Eggs 12ct,4.83,4,56.52,Debit
2023-06-29,RCPT-86450,Jordan,Coffee,7.22,3,28.26,Cash
2023-06-21,RCPT-79621,Alex,Coffee,8.01,3,11.37,Mobile
2023-05-24,RCPT-42083,Jordan,Milk 1L,9.42,4,28.01,Debit
2023-07-30,RCPT-20884,Sam,Milk 1L,1.86,1,17.85,Mobile
2023-05-24,RCPT-88086,Alex,Coffee,2.67,3,23.08,Credit
2023-07-05,RCPT-90543,Casey,Milk 1L,5.74,4,3.93,Mobile
2023-06-26,RCPT-91078,Alex,Milk 1L,7.63,3,10.59,Mobile
2023-07-20,RCPT-27705,Alex,Milk 1L,6.38,4,15.89,Credit
2023-08-01,RCPT-28007,Sam,Eggs 12ct,7.99,3,47.35,Mobile
2023-05-12,RCPT-17769,Jordan,Coffee,6.93,3,48.51,Credit
2023-07-12,RCPT-95452,Casey,Eggs 12ct,5.69,1,32.7,Mobile
2023-07-17,RCPT-60339,Jordan,Coffee,8.08,2,14.71,Credit
2023-05-23,RCPT-28384,Jordan,Apple 1kg,9.21,1,45.03,Mobile
2023-07-12,RCPT-99506,Sam,Apple 1kg,9.46,2,19.6,Cash
2023-07-20,RCPT-27697,Casey,Eggs 12ct,9.47,3,48.42,Debit
2023-05-28,RCPT-46599,Jordan,Milk 1L,5.22,3,4.03,Cash
2023-06-23,RCPT-56181,Alex,Milk 1L,6.07,4,47.51,Cash
2023-05-18,RCPT-45253,Sam,Apple 1kg,10.51,2,14.2,Credit
2023-07-16,RCPT-10012,Alex,Eggs 12ct,10.5,1,35.32,Mobile
2023-06-23,RCPT-41194,Jordan,Eggs 12ct,3.97,4,22.01,Debit
2023-07-11,RCPT-64861,Jordan,Bread,3.21,2,44.61,Debit
2023-07-15,RCPT-21086,Jordan,Coffee,4.21,1,56.02,Credit
2023-05-10,RCPT-86636,Jordan,Milk 1L,10.7,1,3.43,Credit
2023-07-25,RCPT-97974,Jordan,Coffee,3.52,3,24.12,Debit
2023-06-10,RCPT-90026,Casey,Bread,10.44,4,34.9,Cash
2023-06-01,RCPT-36051,Alex,Eggs 12ct,10.74,2,35.54,Mobile
2023-06-08,RCPT-88481,Jordan,Bread,4.59,1,46.57,Mobile
2023-07-16,RCPT-97764,Alex,Eggs 12ct,9.54,3,6.8,Debit
2023-05-11,RCPT-15513,Sam,Coffee,5.05,3,50.89,Debit
2023-06-29,RCPT-11801,Alex,Milk 1L,8.53,1,40.64,Mobile
2023-06-07,RCPT-17293,Alex,Eggs 12ct,11.36,4,12.46,Mobile
2023-06-15,RCPT-42222,Alex,Milk 1L,1.62,2,24.51,Debit
2023-05-27,RCPT-12382,Casey,Bread,2.55,3,3.4,Credit
2023-07-08,RCPT-89356,Sam,Coffee,4.17,4,25.7,Mobile
2023-06-28,RCPT-61539,Casey,Eggs 12ct,3.05,2,17.68,Mobile
2023-07-10,RCPT-15729,Jordan,Milk 1L,7.44,3,8.81,Debit
2023-06-29,RCPT-11494,Jordan,Coffee,9.97,1,39.03,Mobile
2023-07-05,RCPT-45449,Casey,Eggs 12ct,3.75,2,24.59,Mobile
2023-05-23,RCPT-30062,Jordan,Eggs 12ct,2.45,4,43.11,Debit
2023-06-02,RCPT-63577,Sam,Bread,8.24,1,21.08,Debit
2023-07-04,RCPT-34739,Jordan,Coffee,4.98,2,6.19,Cash
2023-07-11,RCPT-70212,Jordan,Bread,9.94,3,21.05,Debit
2023-08-02,RCPT-97501,Casey,Apple 1kg,11.0,3,28.06,Mobile
2023-05-09,RCPT-96964,Alex,Coffee,4.03,2,49.55,Mobile
2023-07-26,RCPT-44356,Alex,Bread,3.63,2,27.81,Mobile
2023-05-14,RCPT-10734,Jordan,Eggs 12ct,6.07,4,51.18,Credit
2023-07-13,RCPT-15844,Sam,Coffee,7.1,2,58.13,Credit
2023-05-29,RCPT-69327,Alex,Apple 1kg,11.14,4,23.19,Cash
2023-07-04,RCPT-49992,Jordan,Milk 1L,6.52,2,31.84,Debit
2023-08-05,RCPT-75040,Jordan,Milk 1L,3.33,1,28.78,Cash
2023-06-12,RCPT-19978,Casey,Apple 1kg,11.6,2,32.37,Debit
2023-08-04,RCPT-42839,Casey,Milk 1L,7.99,2,14.76,Mobile
2023-06-30,RCPT-29045,Sam,Milk 1L,3.89,3,16.61,Cash
2023-05-05,RCPT-24322,Jordan,Eggs 12ct,8.01,3,45.34,Debit
2023-05-02,RCPT-33132,Alex,Apple 1kg,5.4,1,44.26,Cash
2023-06-27,RCPT-19512,Jordan,Milk 1L,2.69,3,23.17,Cash
2023-07-28,RCPT-32922,Casey,Eggs 12ct,7.1,4,30.62,Debit
2023-06-28,RCPT-42454,Alex,Coffee,6.72,2,35.85,Debit
2023-05-25,RCPT-82680,Jordan,Bread,6.61,1,51.36,Mobile
2023-06-09,RCPT-41336,Alex,Milk 1L,11.42,3,56.98,Credit
2023-05-22,RCPT-61931,Sam,Coffee,4.94,2,18.45,Mobile
2023-07-11,RCPT-82980,Casey,Bread,8.65,2,2.01,Cash
2023-07-20,RCPT-10357,Casey,Milk 1L,9.15,1,7.67,Credit
2023-07-01,RCPT-57363,Jordan,Apple 1kg,8.2,3,28.78,Debit
2023-05-22,RCPT-14904,Jordan,Coffee,2.43,2,57.08,Mobile
2023-07-22,RCPT-91303,Casey,Coffee,7.89,3,58.75,Cash
2023-05-26,RCPT-89815,Alex,Coffee,6.45,2,55.78,Cash
2023-07-24,RCPT-69997,Jordan,Apple 1kg,7.76,3,13.24,Credit
2023-07-24,RCPT-74282,Jordan,Milk 1L,4.89,2,4.52,Mobile
2023-07-12,RCPT-94542,Casey,Milk 1L,10.67,1,18.52,Credit
2023-07-27,RCPT-11080,Jordan,Coffee,6.19,2,5.05,Mobile
2023-07-08,RCPT-77502,Alex,Milk 1L,11.48,1,44.34,Debit
2023-05-11,RCPT-77097,Jordan,Coffee,9.62,3,49.45,Credit
2023-05-11,RCPT-26150,Jordan,Apple 1kg,5.36,1,7.48,Debit
2023-05-31,RCPT-50314,Alex,Eggs 12ct,5.67,1,35.31,Debit
2023-06-10,RCPT-99951,Sam,Milk 1L,1.72,2,6.35,Debit
2023-06-01,RCPT-35974,Sam,Eggs 12ct,8.93,3,3.86,Cash
2023-06-05,RCPT-14941,Casey,Bread,6.16,2,20.07,Debit
2023-05-21,RCPT-70074,Sam,Bread,5.56,4,51.5,Credit
2023-07-08,RCPT-30542,Sam,Apple 1kg,4.04,3,58.12,Mobile
2023-07-22,RCPT-48914,Alex,Milk 1L,5.15,4,52.81,Cash
2023-05-17,RCPT-97815,Alex,Eggs 12ct,6.91,1,30.89,Cash
2023-06-14,RCPT-18643,Jordan,Apple 1kg,3.61,4,45.01,Mobile
2023-07-01,RCPT-33333,Casey,Eggs 12ct,10.59,1,30.34,Mobile
2023-06-23,RCPT-23197,Alex,Coffee,8.7,2,29.08,Credit
2023-07-11,RCPT-66498,Alex,Coffee,9.58,3,4.43,Debit
2023-05-03,RCPT-87742,Alex,Milk 1L,8.04,1,57.78,Debit
2023-06-12,RCPT-22898,Sam,Milk 1L,5.46,3,18.53,Cash
2023-05-06,RCPT-65695,Casey,Eggs 12ct,8.99,1,55.73,Credit
2023-05-25,RCPT-13087,Sam,Coffee,8.94,4,37.35,Debit
2023-07-10,RCPT-70514,Sam,Milk 1L,5.13,2,43.17,Cash
2023-07-16,RCPT-59626,Sam,Coffee,8.0,3,50.04,Mobile
2023-08-02,RCPT-53955,Jordan,Apple 1kg,6.13,4,31.42,Cash
2023-05-13,RCPT-10028,Jordan,Apple 1kg,6.85,4,1.88,Debit
2023-05-11,RCPT-65190,Alex,Milk 1L,11.92,4,7.7,Debit
2023-05-19,RCPT-97473,Alex,Milk 1L,10.67,1,28.56,Credit
2023-06-27,RCPT-29471,Casey,Milk 1L,5.9,3,21.44,Debit
2023-07-27,RCPT-38457,Casey,Coffee,5.36,2,6.51,Debit
2023-07-08,RCPT-85995,Jordan,Apple 1kg,6.58,1,11.7,Debit
2023-05-14,RCPT-26552,Jordan,Apple 1kg,9.92,1,4.99,Cash
2023-07-23,RCPT-79980,Alex,Apple 1kg,10.0,2,5.36,Credit
2023-07-08,RCPT-94861,Jordan,Milk 1L,8.76,4,24.25,Cash
2023-06-24,RCPT-21274,Casey,Milk 1L,8.0,3,27.15,Cash
2023-05-29,RCPT-32726,Jordan,Bread,1.96,3,25.12,Debit
2023-06-19,RCPT-86613,Alex,Milk 1L,4.44,2,47.85,Debit
2023-07-18,RCPT-51557,Alex,Milk 1L,5.78,3,59.0,Mobile
2023-07-22,RCPT-84857,Alex,Apple 1kg,11.54,4,10.34,Debit
2023-06-21,RCPT-59854,Alex,Milk 1L,2.21,1,34.42,Mobile
2023-06-15,RCPT-64810,Jordan,Bread,10.59,3,48.76,Cash
2023-06-04,RCPT-59060,Alex,Apple 1kg,9.55,1,23.16,Mobile
2023-05-22,RCPT-10801,Jordan,Coffee,6.7,4,30.36,Debit
2023-08-06,RCPT-39757,Alex,Coffee,8.12,1,29.56,Cash
2023-07-25,RCPT-83730,Alex,Coffee,8.96,3,9.13,Cash
2023-05-06,RCPT-63189,Casey,Bread,9.17,1,11.36,Cash
2023-06-22,RCPT-69270,Jordan,Coffee,6.61,2,27.17,Cash
2023-05-19,RCPT-59809,Jordan,Milk 1L,6.13,2,6.49,Debit
2023-05-18,RCPT-67314,Jordan,Coffee,1.54,1,38.95,Debit
2023-06-12,RCPT-65688,Jordan,Milk 1L,10.5,4,28.93,Mobile
2023-05-13,RCPT-53674,Sam,Eggs 12ct,2.23,3,50.28,Cash
2023-05-01,RCPT-48103,Sam,Milk 1L,9.65,4,49.6,Mobile
2023-07-18,RCPT-66011,Alex,Eggs 12ct,10.32,4,10.35,Credit
2023-07-12,RCPT-52342,Casey,Milk 1L,5.0,3,27.03,Mobile
2023-05-20,RCPT-42119,Alex,Bread,3.98,1,55.6,Debit
2023-05-21,RCPT-86310,Jordan,Milk 1L,7.65,1,57.44,Debit
2023-06-16,RCPT-11394,Sam,Milk 1L,4.04,1,41.51,Cash
2023-06-29,RCPT-96595,Sam,Milk 1L,3.66,1,41.24,Mobile
2023-08-02,RCPT-61801,Alex,Bread,7.6,4,17.79,Mobile
2023-05-18,RCPT-64691,Alex,Milk 1L,4.51,4,35.21,Debit
2023-06-10,RCPT-56188,Casey,Eggs 12ct,9.51,3,5.64,Debit
2023-08-08,RCPT-65230,Sam,Bread,8.9,1,58.5,Cash
2023-05-19,RCPT-16159,Sam,Bread,11.62,2,42.04,Credit
2023-06-13,RCPT-61684,Jordan,Bread,5.3,2,4.74,Mobile
2023-06-10,RCPT-66051,Jordan,Milk 1L,4.55,2,41.31,Mobile
2023-05-07,RCPT-57106,Casey,Apple 1kg,11.05,2,38.46,Mobile
2023-07-04,RCPT-51810,Jordan,Eggs 12ct,7.57,1,6.64,Cash
2023-05-26,RCPT-11524,Sam,Apple 1kg,2.72,4,9.89,Credit
2023-07-05,RCPT-18187,Casey,Eggs 12ct,2.2,1,19.55,Credit
2023-07-19,RCPT-75472,Casey,Coffee,6.29,3,56.01,Mobile
2023-06-26,RCPT-18808,Casey,Bread,4.39,3,39.09,Debit
2023-06-14,RCPT-80403,Alex,Bread,2.72,2,4.2,Mobile
2023-05-13,RCPT-19702,Sam,Bread,11.14,1,5.8,Debit
2023-07-10,RCPT-98281,Jordan,Apple 1kg,6.9,3,40.37,Debit
2023-07-15,RCPT-46212,Casey,Coffee,10.83,2,13.51,Debit
2023-05-18,RCPT-60002,Jordan,Bread,5.96,4,7.52,Credit
2023-05-16,RCPT-23256,Jordan,Bread,7.2,1,50.99,Debit
2023-05-03,RCPT-85113,Casey,Bread,3.13,3,52.77,Debit
2023-05-31,RCPT-45379,Sam,Eggs 12ct,9.42,1,37.07,Mobile
2023-06-05,RCPT-25014,Jordan,Milk 1L,9.67,4,12.29,Debit
2023-06-02,RCPT-66349,Alex,Milk 1L,10.23,1,16.0,Credit
2023-05-25,RCPT-30583,Casey,Milk 1L,3.5,4,28.04,Cash
2023-05-11,RCPT-94244,Jordan,Apple 1kg,1.54,4,45.37,Cash
2023-05-21,RCPT-20222,Sam,Coffee,4.63,3,7.52,Cash
2023-06-30,RCPT-26518,Jordan,Apple 1kg,11.82,4,58.89,Mobile
2023-06-04,RCPT-27899,Alex,Eggs 12ct,2.37,3,33.44,Debit
2023-06-07,RCPT-10768,Casey,Apple 1kg,10.78,4,20.79,Cash
2023-05-16,RCPT-85204,Jordan,Bread,1.58,2,49.64,Debit
2023-07-23,RCPT-50785,Casey,Milk 1L,4.08,3,28.93,Cash
2023-06-28,RCPT-19852,Jordan,Milk 1L,11.64,4,12.73,Debit
2023-05-01,RCPT-24768,Casey,Eggs 12ct,10.91,4,37.91,Debit
2023-07-04,RCPT-55667,Jordan,Apple 1kg,7.93,2,58.38,Cash
2023-07-13,RCPT-85011,Jordan,Apple 1kg,3.86,1,33.76,Debit
2023-06-03,RCPT-88073,Sam,Milk 1L,9.17,1,3.96,Debit
2023-06-28,RCPT-16620,Jordan,Eggs 12ct,5.75,4,54.27,Debit
2023-05-30,RCPT-54128,Casey,Milk 1L,6.74,1,12.14,Cash
2023-05-15,RCPT-25014,Alex,Eggs 12ct,3.9,3,28.66,Credit
2023-06-21,RCPT-23747,Casey,Milk 1L,5.6,1,29.27,Debit
2023-06-09,RCPT-39932,Jordan,Apple 1kg,2.89,3,50.25,Mobile
2023-08-05,RCPT-75956,Alex,Bread,10.65,2,12.26,Credit
2023-06-06,RCPT-56612,Casey,Coffee,7.92,1,59.55,Debit
2023-07-21,RCPT-19620,Alex,Milk 1L,6.46,4,41.95,Cash
2023-05-24,RCPT-16337,Sam,Bread,9.59,3,30.24,Cash
2023-07-09,RCPT-45666,Alex,Apple 1kg,8.48,2,45.42,Debit
2023-07-01,RCPT-46121,Jordan,Bread,2.23,1,50.37,Cash
2023-05-21,RCPT-20970,Sam,Eggs 12ct,9.4,2,9.84,Mobile
2023-07-18,RCPT-92310,Sam,Eggs 12ct,6.07,3,58.29,Debit
2023-05-29,RCPT-99851,Sam,Coffee,9.37,3,49.44,Credit
2023-06-08,RCPT-99102,Casey,Apple 1kg,7.99,2,31.07,Cash
2023-06-09,RCPT-41667,Casey,Bread,2.75,1,53.83,Debit
2023-06-30,RCPT-84900,Casey,Coffee,11.17,2,18.06,Mobile
2023-05-02,RCPT-84836,Casey,Apple 1kg,3.73,1,20.74,Cash
2023-06-21,RCPT-92776,Casey,Bread,9.94,1,56.74,Cash
2023-08-08,RCPT-57703,Jordan,Milk 1L,8.87,2,26.32,Mobile
2023-07-28,RCPT-97186,Sam,Milk 1L,6.43,3,35.59,Cash
2023-05-30,RCPT-29294,Alex,Eggs 12ct,10.49,4,40.07,Mobile
