signup_date,account_id,plan_tier,industry_vertical,mrr,seats,churn_risk_score,is_active
2021-01-01,ACCT-5000,Pro,Healthcare,99.0,41,0.1,True
2021-01-02,ACCT-5001,Pro,Tech,99.0,41,75.8,True
2021-01-03,ACCT-5002,Basic,Tech,99.0,4,69.7,True
2021-01-04,ACCT-5003,Enterprise,Healthcare,499.0,36,55.5,True
2021-01-05,ACCT-5004,Basic,Healthcare,29.0,46,20.2,True
2021-01-06,ACCT-5005,Pro,Tech,999.0,39,68.0,True
2021-01-07,ACCT-5006,Basic,Retail,29.0,14,11.7,True
2021-01-08,ACCT-5007,Enterprise,Tech,99.0,18,95.6,True
2021-01-09,ACCT-5008,Basic,Tech,99.0,6,67.3,True
2021-01-10,ACCT-5009,Basic,Retail,499.0,27,31.3,True
2021-01-11,ACCT-5010,Pro,Retail,999.0,26,1.1,True
2021-01-12,ACCT-5011,Basic,Finance,29.0,23,26.9,True
2021-01-13,ACCT-5012,Enterprise,Finance,29.0,6,16.3,True
2021-01-14,ACCT-5013,Enterprise,Retail,999.0,27,27.1,True
2021-01-15,ACCT-5014,Enterprise,Retail,999.0,35,27.0,True
2021-01-16,ACCT-5015,Pro,Tech,999.0,19,50.3,True
2021-01-17,ACCT-5016,Enterprise,Retail,99.0,6,66.3,True
2021-01-18,ACCT-5017,Pro,Finance,499.0,5,10.6,False
2021-01-19,ACCT-5018,Basic,Finance,99.0,21,47.0,True
2021-01-20,ACCT-5019,Basic,Finance,499.0,13,72.3,False
2021-01-21,ACCT-5020,Basic,Healthcare,499.0,40,2.3,True
2021-01-22,ACCT-5021,Basic,Tech,99.0,2,28.9,True
2021-01-23,ACCT-5022,Basic,Finance,29.0,21,99.3,True
2021-01-24,ACCT-5023,Pro,Tech,29.0,47,35.8,True
2021-01-25,ACCT-5024,Basic,Retail,499.0,22,91.2,True
2021-01-26,ACCT-5025,Basic,Tech,29.0,49,97.6,True
2021-01-27,ACCT-5026,Pro,Tech,499.0,25,53.5,False
2021-01-28,ACCT-5027,Enterprise,Healthcare,29.0,36,95.3,True
2021-01-29,ACCT-5028,Basic,Finance,29.0,35,68.7,True
2021-01-30,ACCT-5029,Basic,Finance,499.0,28,11.0,True
2021-01-31,ACCT-5030,Basic,Tech,999.0,38,14.6,True
2021-02-01,ACCT-5031,Pro,Tech,99.0,28,48.2,False
2021-02-02,ACCT-5032,Enterprise,Healthcare,99.0,10,28.6,True
2021-02-03,ACCT-5033,Basic,Retail,499.0,46,23.6,True
2021-02-04,ACCT-5034,Pro,Healthcare,999.0,27,20.4,True
2021-02-05,ACCT-5035,Enterprise,Finance,499.0,34,97.5,True
2021-02-06,ACCT-5036,Enterprise,Healthcare,499.0,22,55.6,True
2021-02-07,ACCT-5037,Enterprise,Tech,99.0,1,97.3,True
2021-02-08,ACCT-5038,Basic,Tech,499.0,29,67.7,True
2021-02-09,ACCT-5039,Basic,Retail,999.0,35,63.6,True
2021-02-10,ACCT-5040,Pro,Healthcare,29.0,32,58.1,True
2021-02-11,ACCT-5041,Pro,Tech,99.0,13,72.4,True
2021-02-12,ACCT-5042,Enterprise,Tech,499.0,44,44.7,True
2021-02-13,ACCT-5043,Enterprise,Tech,499.0,21,88.8,True
2021-02-14,ACCT-5044,Basic,Retail,99.0,19,47.5,True
2021-02-15,ACCT-5045,Pro,Finance,99.0,26,83.6,True
2021-02-16,ACCT-5046,Enterprise,Tech,999.0,16,97.4,False
2021-02-17,ACCT-5047,Enterprise,Tech,499.0,26,27.5,True
2021-02-18,ACCT-5048,Enterprise,Finance,999.0,31,9.4,True
2021-02-19,ACCT-5049,Enterprise,Finance,29.0,17,68.7,True
2021-02-20,ACCT-5050,Enterprise,Tech,99.0,8,9.7,True
2021-02-21,ACCT-5051,Enterprise,Tech,499.0,5,85.0,True
2021-02-22,ACCT-5052,Basic,Retail,29.0,21,88.7,True
2021-02-23,ACCT-5053,Basic,Retail,29.0,13,41.8,False
2021-02-24,ACCT-5054,Enterprise,Tech,99.0,3,70.5,False
2021-02-25,ACCT-5055,Basic,Tech,999.0,13,46.8,True
2021-02-26,ACCT-5056,Enterprise,Retail,99.0,25,72.5,True
2021-02-27,ACCT-5057,Pro,Tech,29.0,40,24.6,True
2021-02-28,ACCT-5058,Enterprise,Finance,499.0,2,86.8,True
2021-03-01,ACCT-5059,Pro,Healthcare,999.0,13,34.7,True
2021-03-02,ACCT-5060,Pro,Tech,999.0,14,99.5,True
2021-03-03,ACCT-5061,Pro,Healthcare,499.0,3,39.1,True
2021-03-04,ACCT-5062,Pro,Retail,29.0,22,77.3,True
2021-03-05,ACCT-5063,Basic,Tech,99.0,48,87.4,False
2021-03-06,ACCT-5064,Basic,Retail,29.0,21,43.1,True
2021-03-07,ACCT-5065,Enterprise,Finance,999.0,27,79.9,True
2021-03-08,ACCT-5066,Pro,Tech,99.0,10,0.3,True
2021-03-09,ACCT-5067,Enterprise,Healthcare,999.0,22,98.6,True
2021-03-10,ACCT-5068,Basic,Retail,999.0,21,58.4,True
2021-03-11,ACCT-5069,Pro,Healthcare,29.0,11,29.5,True
2021-03-12,ACCT-5070,Basic,Tech,499.0,8,89.1,True
2021-03-13,ACCT-5071,Enterprise,Finance,29.0,25,11.3,True
2021-03-14,ACCT-5072,Basic,Healthcare,29.0,15,70.8,False
2021-03-15,ACCT-5073,Enterprise,Tech,99.0,39,65.1,True
2021-03-16,ACCT-5074,Enterprise,Tech,99.0,19,4.4,True
2021-03-17,ACCT-5075,Enterprise,Finance,29.0,13,49.0,True
2021-03-18,ACCT-5076,Enterprise,Retail,99.0,42,20.1,True
2021-03-19,ACCT-5077,Pro,Tech,999.0,25,11.4,True
2021-03-20,ACCT-5078,Pro,Finance,499.0,34,46.2,True
2021-03-21,ACCT-5079,Pro,Healthcare,499.0,24,14.4,True
2021-03-22,ACCT-5080,Pro,Retail,999.0,10,27.7,True
2021-03-23,ACCT-5081,Basic,Finance,499.0,17,96.9,True
2021-03-24,ACCT-5082,Pro,Finance,499.0,41,38.7,True
2021-03-25,ACCT-5083,Basic,Finance,499.0,34,83.6,True
2021-03-26,ACCT-5084,Pro,Finance,499.0,47,52.1,True
2021-03-27,ACCT-5085,Enterprise,Finance,99.0,43,30.3,True
2021-03-28,ACCT-5086,Enterprise,Healthcare,999.0,36,42.7,True
2021-03-29,ACCT-5087,Enterprise,Finance,99.0,34,25.2,False
2021-03-30,ACCT-5088,Pro,Tech,29.0,6,26.9,True
2021-03-31,ACCT-5089,Pro,Retail,999.0,43,66.5,True
2021-04-01,ACCT-5090,Pro,Tech,499.0,17,19.0,False
2021-04-02,ACCT-5091,Pro,Finance,99.0,8,2.3,True
2021-04-03,ACCT-5092,Basic,Retail,499.0,2,0.8,True
2021-04-04,ACCT-5093,Enterprise,Healthcare,999.0,1,25.1,True
2021-04-05,ACCT-5094,Basic,Retail,99.0,9,45.9,True
2021-04-06,ACCT-5095,Basic,Tech,499.0,39,68.6,True
2021-04-07,ACCT-5096,Basic,Finance,999.0,13,52.3,True
2021-04-08,ACCT-5097,Enterprise,Healthcare,999.0,38,82.5,True
2021-04-09,ACCT-5098,Basic,Tech,29.0,3,59.8,True
2021-04-10,ACCT-5099,Basic,Healthcare,29.0,45,34.1,True
2021-04-11,ACCT-5100,Pro,Healthcare,99.0,34,74.6,True
2021-04-12,ACCT-5101,Enterprise,Tech,499.0,4,28.0,False
2021-04-13,ACCT-5102,Pro,Healthcare,29.0,47,79.5,True
2021-04-14,ACCT-5103,Pro,Healthcare,99.0,7,13.2,True
2021-04-15,ACCT-5104,Basic,Retail,29.0,14,57.0,True
2021-04-16,ACCT-5105,Pro,Finance,999.0,7,55.4,False
2021-04-17,ACCT-5106,Basic,Tech,499.0,39,24.1,True
2021-04-18,ACCT-5107,Enterprise,Finance,29.0,6,61.4,True
2021-04-19,ACCT-5108,Pro,Tech,29.0,13,88.8,True
2021-04-20,ACCT-5109,Enterprise,Finance,29.0,18,95.8,False
2021-04-21,ACCT-5110,Enterprise,Finance,29.0,48,51.5,True
2021-04-22,ACCT-5111,Enterprise,Tech,99.0,2,57.6,True
2021-04-23,ACCT-5112,Pro,Healthcare,29.0,49,48.3,True
2021-04-24,ACCT-5113,Basic,Retail,29.0,30,98.3,False
2021-04-25,ACCT-5114,Pro,Finance,499.0,14,3.7,True
2021-04-26,ACCT-5115,Enterprise,Healthcare,99.0,35,65.8,True
2021-04-27,ACCT-5116,Enterprise,Healthcare,99.0,49,17.5,True
2021-04-28,ACCT-5117,Pro,Retail,999.0,42,26.7,True
2021-04-29,ACCT-5118,Pro,Retail,499.0,3,69.0,True
2021-04-30,ACCT-5119,Basic,Retail,99.0,23,37.0,True
2021-05-01,ACCT-5120,Enterprise,Tech,999.0,20,78.2,True
2021-05-02,ACCT-5121,Enterprise,Healthcare,999.0,12,97.7,False
2021-05-03,ACCT-5122,Basic,Healthcare,29.0,38,95.2,True
2021-05-04,ACCT-5123,Pro,Tech,499.0,20,24.4,True
2021-05-05,ACCT-5124,Pro,Finance,29.0,16,64.7,False
2021-05-06,ACCT-5125,Enterprise,Retail,499.0,28,3.0,False
2021-05-07,ACCT-5126,Pro,Tech,29.0,18,6.7,True
2021-05-08,ACCT-5127,Enterprise,Healthcare,29.0,15,97.5,True
2021-05-09,ACCT-5128,Basic,Finance,29.0,44,44.5,True
2021-05-10,ACCT-5129,Enterprise,Tech,99.0,35,55.2,False
2021-05-11,ACCT-5130,Basic,Finance,29.0,37,96.6,True
2021-05-12,ACCT-5131,Pro,Healthcare,999.0,1,69.2,True
2021-05-13,ACCT-5132,Pro,Tech,499.0,47,39.5,False
2021-05-14,ACCT-5133,Basic,Healthcare,499.0,28,63.0,True
2021-05-15,ACCT-5134,Pro,Finance,99.0,14,54.9,True
2021-05-16,ACCT-5135,Pro,Healthcare,99.0,45,46.8,False
2021-05-17,ACCT-5136,Pro,Retail,499.0,28,16.0,True
2021-05-18,ACCT-5137,Basic,Tech,999.0,8,70.2,True
2021-05-19,ACCT-5138,Enterprise,Healthcare,99.0,22,80.0,True
2021-05-20,ACCT-5139,Basic,Tech,99.0,9,66.6,False
2021-05-21,ACCT-5140,Pro,Retail,499.0,47,23.8,True
2021-05-22,ACCT-5141,Pro,Tech,29.0,35,85.5,True
2021-05-23,ACCT-5142,Enterprise,Finance,499.0,39,17.4,False
2021-05-24,ACCT-5143,Basic,Finance,99.0,25,83.8,True
2021-05-25,ACCT-5144,Basic,Healthcare,499.0,23,35.6,True
2021-05-26,ACCT-5145,Basic,Healthcare,999.0,29,31.0,True
2021-05-27,ACCT-5146,Enterprise,Finance,999.0,39,73.8,True
2021-05-28,ACCT-5147,Pro,Retail,499.0,19,15.9,True
2021-05-29,ACCT-5148,Pro,Tech,999.0,30,32.5,True
2021-05-30,ACCT-5149,Pro,Finance,999.0,31,31.5,True
2021-05-31,ACCT-5150,Enterprise,Healthcare,999.0,1,76.7,True
2021-06-01,ACCT-5151,Basic,Retail,999.0,6,43.1,True
2021-06-02,ACCT-5152,Basic,Finance,499.0,5,79.3,True
2021-06-03,ACCT-5153,Pro,Tech,499.0,28,68.1,True
2021-06-04,ACCT-5154,Pro,Retail,999.0,39,15.5,False
2021-06-05,ACCT-5155,Basic,Healthcare,29.0,34,4.3,True
2021-06-06,ACCT-5156,Pro,Tech,99.0,21,20.9,False
2021-06-07,ACCT-5157,Enterprise,Finance,999.0,4,64.1,True
2021-06-08,ACCT-5158,Enterprise,Finance,29.0,41,9.7,True
2021-06-09,ACCT-5159,Enterprise,Finance,499.0,37,19.7,False
2021-06-10,ACCT-5160,Basic,Healthcare,99.0,25,95.9,True
2021-06-11,ACCT-5161,Enterprise,Healthcare,99.0,48,39.9,True
2021-06-12,ACCT-5162,Basic,Retail,999.0,22,85.3,True
2021-06-13,ACCT-5163,Enterprise,Retail,999.0,10,19.9,True
2021-06-14,ACCT-5164,Basic,Retail,29.0,46,39.5,True
2021-06-15,ACCT-5165,Enterprise,Tech,99.0,9,38.5,False
2021-06-16,ACCT-5166,Enterprise,Healthcare,499.0,7,35.4,False
2021-06-17,ACCT-5167,Pro,Finance,99.0,20,30.8,True
2021-06-18,ACCT-5168,Pro,Retail,29.0,6,70.3,True
2021-06-19,ACCT-5169,Basic,Retail,999.0,49,93.5,True
2021-06-20,ACCT-5170,Basic,Finance,29.0,39,74.2,True
2021-06-21,ACCT-5171,Basic,Healthcare,499.0,9,10.1,False
2021-06-22,ACCT-5172,Basic,Finance,29.0,17,35.6,True
2021-06-23,ACCT-5173,Basic,Healthcare,99.0,23,80.8,True
2021-06-24,ACCT-5174,Pro,Healthcare,29.0,13,62.4,False
2021-06-25,ACCT-5175,Basic,Tech,29.0,6,60.8,True
2021-06-26,ACCT-5176,Enterprise,Retail,29.0,48,16.6,True
2021-06-27,ACCT-5177,Basic,Tech,29.0,46,17.7,True
2021-06-28,ACCT-5178,Basic,Finance,99.0,29,42.4,True
2021-06-29,ACCT-5179,Basic,Retail,999.0,47,75.2,True
2021-06-30,ACCT-5180,Enterprise,Finance,499.0,15,86.6,True
2021-07-01,ACCT-5181,Pro,Tech,499.0,25,80.9,True
2021-07-02,ACCT-5182,Pro,Finance,499.0,7,74.2,True
2021-07-03,ACCT-5183,Enterprise,Healthcare,499.0,37,71.5,True
2021-07-04,ACCT-5184,Pro,Retail,499.0,19,53.0,True
2021-07-05,ACCT-5185,Enterprise,Finance,29.0,3,22.7,True
2021-07-06,ACCT-5186,Enterprise,Finance,999.0,24,31.1,True
2021-07-07,ACCT-5187,Basic,Tech,499.0,36,15.7,False
2021-07-08,ACCT-5188,Pro,Healthcare,499.0,13,15.1,True
2021-07-09,ACCT-5189,Enterprise,Finance,999.0,47,84.0,False
2021-07-10,ACCT-5190,Enterprise,Healthcare,999.0,29,64.3,True
2021-07-11,ACCT-5191,Enterprise,Retail,499.0,13,20.6,True
2021-07-12,ACCT-5192,Enterprise,Retail,999.0,20,67.7,True
2021-07-13,ACCT-5193,Basic,Healthcare,99.0,11,41.0,False
2021-07-14,ACCT-5194,Pro,Tech,499.0,29,21.1,True
2021-07-15,ACCT-5195,Basic,Retail,999.0,19,94.5,True
2021-07-16,ACCT-5196,Enterprise,Healthcare,999.0,37,23.1,False
2021-07-17,ACCT-5197,Pro,Healthcare,99.0,30,11.4,True
2021-07-18,ACCT-5198,Basic,Healthcare,29.0,48,13.0,True
2021-07-19,ACCT-5199,Basic,Tech,99.0,36,4.7,True
2021-07-20,ACCT-5200,Pro,Finance,499.0,38,31.1,True
2021-07-21,ACCT-5201,Pro,Tech,499.0,17,55.8,True
2021-07-22,ACCT-5202,Basic,Healthcare,99.0,16,15.5,True
2021-07-23,ACCT-5203,Pro,Healthcare,29.0,36,54.4,True
2021-07-24,ACCT-5204,Enterprise,Tech,29.0,10,65.7,True
2021-07-25,ACCT-5205,Pro,Tech,99.0,2,51.8,True
2021-07-26,ACCT-5206,Enterprise,Retail,29.0,46,21.9,True
2021-07-27,ACCT-5207,Pro,Tech,99.0,23,99.4,True
2021-07-28,ACCT-5208,Pro,Healthcare,99.0,48,20.1,True
2021-07-29,ACCT-5209,Enterprise,Healthcare,499.0,32,62.4,True
2021-07-30,ACCT-5210,Enterprise,Finance,99.0,10,0.3,True
2021-07-31,ACCT-5211,Pro,Healthcare,99.0,23,34.2,True
2021-08-01,ACCT-5212,Pro,Finance,499.0,48,23.4,True
2021-08-02,ACCT-5213,Enterprise,Healthcare,29.0,39,51.1,True
2021-08-03,ACCT-5214,Enterprise,Finance,99.0,32,16.0,True
2021-08-04,ACCT-5215,Basic,Finance,99.0,12,2.9,True
2021-08-05,ACCT-5216,Enterprise,Retail,99.0,21,1.3,False
2021-08-06,ACCT-5217,Pro,Retail,999.0,33,61.8,True
2021-08-07,ACCT-5218,Enterprise,Retail,99.0,37,62.7,True
2021-08-08,ACCT-5219,Enterprise,Finance,999.0,9,24.1,True
2021-08-09,ACCT-5220,Pro,Tech,99.0,32,25.7,True
2021-08-10,ACCT-5221,Enterprise,Finance,999.0,45,45.9,True
2021-08-11,ACCT-5222,Pro,Retail,499.0,2,3.8,True
2021-08-12,ACCT-5223,Pro,Tech,99.0,44,84.9,True
2021-08-13,ACCT-5224,Basic,Healthcare,99.0,11,78.6,True
2021-08-14,ACCT-5225,Enterprise,Retail,999.0,31,51.7,True
2021-08-15,ACCT-5226,Basic,Finance,99.0,6,4.2,True
2021-08-16,ACCT-5227,Basic,Healthcare,29.0,31,8.1,True
2021-08-17,ACCT-5228,Pro,Healthcare,99.0,7,94.8,True
2021-08-18,ACCT-5229,Enterprise,Retail,999.0,22,87.6,False
2021-08-19,ACCT-5230,Basic,Finance,499.0,44,25.1,True
2021-08-20,ACCT-5231,Basic,Finance,999.0,45,27.5,True
2021-08-21,ACCT-5232,Basic,Healthcare,999.0,30,32.8,True
2021-08-22,ACCT-5233,Pro,Finance,29.0,49,58.3,True
2021-08-23,ACCT-5234,Pro,Tech,99.0,40,77.8,False
2021-08-24,ACCT-5235,Pro,Retail,499.0,11,20.7,True
2021-08-25,ACCT-5236,Enterprise,Finance,499.0,10,21.6,True
2021-08-26,ACCT-5237,Enterprise,Healthcare,29.0,48,54.2,True
2021-08-27,ACCT-5238,Enterprise,Tech,999.0,36,86.9,True
2021-08-28,ACCT-5239,Enterprise,Finance,999.0,48,4.9,True
2021-08-29,ACCT-5240,Pro,Healthcare,29.0,4,21.1,True
2021-08-30,ACCT-5241,Enterprise,Healthcare,99.0,33,84.4,True
2021-08-31,ACCT-5242,Enterprise,Tech,99.0,14,45.6,False
2021-09-01,ACCT-5243,Enterprise,Retail,499.0,46,18.3,False
2021-09-02,ACCT-5244,Basic,Tech,99.0,13,89.8,True
2021-09-03,ACCT-5245,Pro,Tech,499.0,40,32.5,True
2021-09-04,ACCT-5246,Pro,Tech,99.0,13,23.8,True
2021-09-05,ACCT-5247,Enterprise,Tech,29.0,2,72.8,True
2021-09-06,ACCT-5248,Enterprise,Finance,99.0,46,85.4,True
2021-09-07,ACCT-5249,Basic,Retail,499.0,28,35.5,True
2021-09-08,ACCT-5250,Pro,Healthcare,499.0,49,26.0,True
2021-09-09,ACCT-5251,Basic,Healthcare,29.0,42,27.5,True
2021-09-10,ACCT-5252,Enterprise,Tech,499.0,31,86.7,False
2021-09-11,ACCT-5253,Pro,Tech,99.0,41,87.0,False
2021-09-12,ACCT-5254,Pro,Tech,499.0,33,69.5,False
2021-09-13,ACCT-5255,Pro,Tech,999.0,1,90.2,True
2021-09-14,ACCT-5256,Enterprise,Finance,499.0,31,34.3,True
2021-09-15,ACCT-5257,Basic,Tech,999.0,47,54.1,True
2021-09-16,ACCT-5258,Enterprise,Retail,999.0,17,36.0,True
2021-09-17,ACCT-5259,Basic,Retail,99.0,19,62.9,True
2021-09-18,ACCT-5260,Pro,Finance,999.0,4,96.5,True
2021-09-19,ACCT-5261,Pro,Retail,99.0,49,38.1,True
2021-09-20,ACCT-5262,Pro,Healthcare,99.0,28,20.9,False
2021-09-21,ACCT-5263,Enterprise,Finance,499.0,29,97.6,False
2021-09-22,ACCT-5264,Enterprise,Finance,499.0,22,20.5,True
2021-09-23,ACCT-5265,Enterprise,Finance,29.0,18,98.5,True
2021-09-24,ACCT-5266,Basic,Tech,99.0,32,31.4,True
2021-09-25,ACCT-5267,Pro,Finance,29.0,12,78.0,True
2021-09-26,ACCT-5268,Enterprise,Healthcare,999.0,32,37.0,True
2021-09-27,ACCT-5269,Enterprise,Retail,99.0,28,90.9,True
2021-09-28,ACCT-5270,Pro,Finance,999.0,24,2.0,False
2021-09-29,ACCT-5271,Basic,Healthcare,499.0,28,2.3,True
2021-09-30,ACCT-5272,Enterprise,Tech,29.0,12,88.3,True
2021-10-01,ACCT-5273,Enterprise,Healthcare,29.0,7,79.8,True
2021-10-02,ACCT-5274,Pro,Healthcare,999.0,48,53.8,True
2021-10-03,ACCT-5275,Enterprise,Tech,999.0,34,89.8,True
2021-10-04,ACCT-5276,Pro,Finance,29.0,10,93.9,True
2021-10-05,ACCT-5277,Enterprise,Healthcare,99.0,45,5.1,True
2021-10-06,ACCT-5278,Basic,Healthcare,99.0,37,83.6,True
2021-10-07,ACCT-5279,Basic,Retail,999.0,47,58.8,False
2021-10-08,ACCT-5280,Basic,Retail,29.0,6,95.2,False
2021-10-09,ACCT-5281,Basic,Retail,499.0,27,31.5,True
2021-10-10,ACCT-5282,Pro,Finance,29.0,45,83.8,True
2021-10-11,ACCT-5283,Pro,Tech,499.0,8,99.9,True
2021-10-12,ACCT-5284,Enterprise,Healthcare,499.0,26,24.5,True
2021-10-13,ACCT-5285,Enterprise,Tech,99.0,27,0.6,True
2021-10-14,ACCT-5286,Enterprise,Healthcare,499.0,23,23.2,True
2021-10-15,ACCT-5287,Pro,Tech,499.0,49,33.1,False
2021-10-16,ACCT-5288,Enterprise,Tech,99.0,28,73.6,True
2021-10-17,ACCT-5289,Enterprise,Tech,29.0,43,79.5,True
2021-10-18,ACCT-5290,Enterprise,Healthcare,29.0,34,55.7,True
2021-10-19,ACCT-5291,Basic,Finance,99.0,12,31.8,True
2021-10-20,ACCT-5292,Pro,Healthcare,29.0,23,59.5,True
2021-10-21,ACCT-5293,Enterprise,Healthcare,99.0,6,89.5,False
2021-10-22,ACCT-5294,Basic,Retail,499.0,7,45.2,True
2021-10-23,ACCT-5295,Basic,Healthcare,29.0,3,26.8,True
2021-10-24,ACCT-5296,Enterprise,Finance,499.0,17,38.7,True
2021-10-25,ACCT-5297,Enterprise,Tech,499.0,5,40.7,True
2021-10-26,ACCT-5298,Basic,Retail,99.0,36,56.5,False
2021-10-27,ACCT-5299,Pro,Retail,99.0,44,18.8,False
2021-10-28,ACCT-5300,Enterprise,Healthcare,499.0,12,83.6,True
2021-10-29,ACCT-5301,Basic,Retail,29.0,10,93.1,True
2021-10-30,ACCT-5302,Pro,Tech,999.0,2,8.0,True
2021-10-31,ACCT-5303,Enterprise,Tech,99.0,23,89.7,True
2021-11-01,ACCT-5304,Pro,Retail,499.0,34,30.0,False
2021-11-02,ACCT-5305,Pro,Healthcare,29.0,24,15.1,True
2021-11-03,ACCT-5306,Basic,Healthcare,99.0,25,84.1,False
2021-11-04,ACCT-5307,Pro,Finance,499.0,40,12.3,True
2021-11-05,ACCT-5308,Enterprise,Retail,29.0,31,68.4,False
2021-11-06,ACCT-5309,Basic,Retail,499.0,18,22.9,True
2021-11-07,ACCT-5310,Basic,Tech,99.0,4,1.9,True
2021-11-08,ACCT-5311,Basic,Finance,99.0,2,40.1,True
2021-11-09,ACCT-5312,Pro,Healthcare,999.0,27,40.7,True
2021-11-10,ACCT-5313,Pro,Tech,999.0,22,33.4,True
2021-11-11,ACCT-5314,Basic,Healthcare,99.0,11,8.5,True
2021-11-12,ACCT-5315,Basic,Tech,999.0,5,9.1,True
2021-11-13,ACCT-5316,Enterprise,Retail,99.0,24,62.0,True
2021-11-14,ACCT-5317,Basic,Retail,99.0,33,81.5,True
2021-11-15,ACCT-5318,Pro,Healthcare,29.0,28,56.0,True
2021-11-16,ACCT-5319,Pro,Retail,999.0,6,30.4,True
2021-11-17,ACCT-5320,Pro,Retail,29.0,39,4.8,True
2021-11-18,ACCT-5321,Pro,Finance,99.0,18,67.0,True
2021-11-19,ACCT-5322,Basic,Finance,99.0,40,87.4,True
2021-11-20,ACCT-5323,Enterprise,Finance,499.0,9,85.1,True
2021-11-21,ACCT-5324,Pro,Tech,999.0,18,38.2,True
2021-11-22,ACCT-5325,Enterprise,Tech,999.0,38,48.6,True
2021-11-23,ACCT-5326,Basic,Finance,29.0,14,27.9,False
2021-11-24,ACCT-5327,Basic,Healthcare,499.0,7,18.0,False
2021-11-25,ACCT-5328,Enterprise,Retail,499.0,23,17.7,True
2021-11-26,ACCT-5329,Basic,Tech,499.0,18,85.4,True
2021-11-27,ACCT-5330,Basic,Retail,29.0,33,44.6,True
2021-11-28,ACCT-5331,Enterprise,Healthcare,999.0,20,5.1,True
2021-11-29,ACCT-5332,Pro,Healthcare,29.0,11,8.4,True
2021-11-30,ACCT-5333,Basic,Retail,99.0,32,84.1,True
2021-12-01,ACCT-5334,Basic,Healthcare,999.0,23,64.1,True
2021-12-02,ACCT-5335,Enterprise,Finance,99.0,31,13.7,True
2021-12-03,ACCT-5336,Pro,Tech,99.0,18,53.4,True
2021-12-04,ACCT-5337,Enterprise,Retail,29.0,48,72.4,True
2021-12-05,ACCT-5338,Pro,Tech,499.0,17,55.7,True
2021-12-06,ACCT-5339,Pro,Tech,29.0,39,97.7,True
2021-12-07,ACCT-5340,Enterprise,Retail,499.0,5,57.5,False
2021-12-08,ACCT-5341,Pro,Retail,29.0,4,36.0,True
2021-12-09,ACCT-5342,Pro,Retail,499.0,41,75.7,True
2021-12-10,ACCT-5343,Basic,Tech,499.0,38,76.5,True
2021-12-11,ACCT-5344,Basic,Healthcare,99.0,45,61.4,True
2021-12-12,ACCT-5345,Enterprise,Healthcare,499.0,9,77.1,True
2021-12-13,ACCT-5346,Basic,Tech,499.0,10,93.7,True
2021-12-14,ACCT-5347,Pro,Finance,999.0,38,56.9,True
2021-12-15,ACCT-5348,Basic,Finance,999.0,46,35.0,True
2021-12-16,ACCT-5349,Pro,Tech,99.0,12,56.4,False
2021-12-17,ACCT-5350,Pro,Healthcare,29.0,6,45.2,True
2021-12-18,ACCT-5351,Basic,Healthcare,499.0,40,0.3,False
2021-12-19,ACCT-5352,Pro,Tech,999.0,15,4.4,True
2021-12-20,ACCT-5353,Enterprise,Retail,29.0,13,20.9,True
2021-12-21,ACCT-5354,Basic,Retail,99.0,12,52.8,True
2021-12-22,ACCT-5355,Basic,Retail,499.0,15,22.6,True
2021-12-23,ACCT-5356,Pro,Finance,29.0,28,36.5,True
2021-12-24,ACCT-5357,Enterprise,Tech,29.0,28,71.2,False
2021-12-25,ACCT-5358,Pro,Tech,999.0,46,70.4,True
2021-12-26,ACCT-5359,Enterprise,Finance,999.0,26,19.1,False
2021-12-27,ACCT-5360,Enterprise,Tech,999.0,8,19.2,True
2021-12-28,ACCT-5361,Pro,Healthcare,29.0,41,37.0,True
2021-12-29,ACCT-5362,Enterprise,Finance,29.0,35,9.8,False
2021-12-30,ACCT-5363,Enterprise,Finance,99.0,16,79.3,True
2021-12-31,ACCT-5364,Basic,Healthcare,29.0,14,30.8,True
2022-01-01,ACCT-5365,Enterprise,Retail,499.0,44,66.4,False
2022-01-02,ACCT-5366,Pro,Tech,29.0,4,55.0,True
2022-01-03,ACCT-5367,Pro,Finance,99.0,1,62.1,True
2022-01-04,ACCT-5368,Basic,Healthcare,999.0,44,43.0,True
2022-01-05,ACCT-5369,Enterprise,Finance,29.0,35,50.3,True
2022-01-06,ACCT-5370,Basic,Retail,99.0,11,14.7,True
2022-01-07,ACCT-5371,Pro,Retail,999.0,24,67.8,True
2022-01-08,ACCT-5372,Basic,Healthcare,99.0,4,31.6,False
2022-01-09,ACCT-5373,Pro,Healthcare,499.0,21,89.4,False
2022-01-10,ACCT-5374,Enterprise,Retail,29.0,32,6.7,True
2022-01-11,ACCT-5375,Basic,Retail,29.0,15,51.0,True
2022-01-12,ACCT-5376,Enterprise,Tech,499.0,40,46.1,True
2022-01-13,ACCT-5377,Enterprise,Retail,999.0,45,33.1,True
2022-01-14,ACCT-5378,Enterprise,Tech,999.0,3,59.4,False
2022-01-15,ACCT-5379,Basic,Healthcare,499.0,26,33.5,True
2022-01-16,ACCT-5380,Basic,Retail,99.0,12,19.9,False
2022-01-17,ACCT-5381,Basic,Tech,999.0,26,19.9,True
2022-01-18,ACCT-5382,Pro,Retail,999.0,5,25.8,True
2022-01-19,ACCT-5383,Basic,Healthcare,29.0,47,78.2,True
2022-01-20,ACCT-5384,Enterprise,Retail,499.0,47,72.1,True
2022-01-21,ACCT-5385,Enterprise,Retail,999.0,2,40.9,True
2022-01-22,ACCT-5386,Basic,Healthcare,29.0,31,63.8,True
2022-01-23,ACCT-5387,Pro,Finance,499.0,6,10.2,True
2022-01-24,ACCT-5388,Enterprise,Healthcare,99.0,8,4.1,True
2022-01-25,ACCT-5389,Pro,Healthcare,999.0,9,76.9,True
2022-01-26,ACCT-5390,Enterprise,Retail,499.0,14,70.5,True
2022-01-27,ACCT-5391,Pro,Tech,99.0,9,99.5,True
2022-01-28,ACCT-5392,Basic,Tech,29.0,48,37.5,True
2022-01-29,ACCT-5393,Pro,Retail,99.0,21,94.1,False
2022-01-30,ACCT-5394,Enterprise,Retail,99.0,4,96.1,True
2022-01-31,ACCT-5395,Enterprise,Finance,999.0,37,60.9,True
2022-02-01,ACCT-5396,Enterprise,Retail,99.0,9,79.7,True
2022-02-02,ACCT-5397,Pro,Healthcare,999.0,30,68.9,True
2022-02-03,ACCT-5398,Enterprise,Finance,999.0,42,36.9,False
2022-02-04,ACCT-5399,Pro,Tech,999.0,5,29.5,True
2022-02-05,ACCT-5400,Enterprise,Tech,99.0,48,71.9,True
2022-02-06,ACCT-5401,Pro,Healthcare,29.0,5,92.5,True
2022-02-07,ACCT-5402,Pro,Retail,999.0,43,3.4,True
2022-02-08,ACCT-5403,Enterprise,Finance,29.0,25,48.5,True
2022-02-09,ACCT-5404,Enterprise,Tech,29.0,9,62.6,False
2022-02-10,ACCT-5405,Pro,Tech,499.0,22,69.0,True
2022-02-11,ACCT-5406,Pro,Retail,99.0,36,9.8,True
2022-02-12,ACCT-5407,Basic,Retail,99.0,34,21.7,True
2022-02-13,ACCT-5408,Pro,Tech,499.0,20,10.0,False
2022-02-14,ACCT-5409,Pro,Retail,499.0,46,45.6,True
2022-02-15,ACCT-5410,Pro,Healthcare,99.0,22,45.3,True
2022-02-16,ACCT-5411,Pro,Healthcare,999.0,10,43.6,True
2022-02-17,ACCT-5412,Enterprise,Finance,499.0,22,2.2,False
2022-02-18,ACCT-5413,Enterprise,Healthcare,499.0,13,51.1,False
2022-02-19,ACCT-5414,Pro,Healthcare,99.0,19,47.7,True
2022-02-20,ACCT-5415,Basic,Finance,499.0,48,76.7,False
2022-02-21,ACCT-5416,Basic,Tech,999.0,42,57.9,True
2022-02-22,ACCT-5417,Enterprise,Tech,999.0,38,40.5,True
2022-02-23,ACCT-5418,Pro,Healthcare,999.0,23,56.6,False
2022-02-24,ACCT-5419,Pro,Healthcare,99.0,46,11.0,False
2022-02-25,ACCT-5420,Basic,Healthcare,999.0,11,98.0,True
2022-02-26,ACCT-5421,Pro,Retail,29.0,23,45.8,True
2022-02-27,ACCT-5422,Enterprise,Retail,99.0,17,47.7,True
2022-02-28,ACCT-5423,Enterprise,Healthcare,999.0,13,55.8,True
2022-03-01,ACCT-5424,Pro,Tech,99.0,42,55.1,True
2022-03-02,ACCT-5425,Pro,Tech,999.0,4,34.0,True
2022-03-03,ACCT-5426,Pro,Finance,99.0,10,66.9,True
2022-03-04,ACCT-5427,Pro,Tech,999.0,22,47.6,True
2022-03-05,ACCT-5428,Pro,Finance,499.0,22,48.2,True
2022-03-06,ACCT-5429,Basic,Retail,499.0,33,5.2,False
2022-03-07,ACCT-5430,Enterprise,Finance,99.0,6,66.2,False
2022-03-08,ACCT-5431,Pro,Retail,29.0,31,77.2,False
2022-03-09,ACCT-5432,Basic,Finance,499.0,7,85.3,True
2022-03-10,ACCT-5433,Enterprise,Retail,999.0,44,87.4,True
2022-03-11,ACCT-5434,Enterprise,Healthcare,29.0,33,51.2,False
2022-03-12,ACCT-5435,Enterprise,Healthcare,99.0,28,58.3,True
2022-03-13,ACCT-5436,Enterprise,Finance,999.0,24,37.5,False
2022-03-14,ACCT-5437,Pro,Tech,499.0,45,50.0,True
2022-03-15,ACCT-5438,Basic,Tech,99.0,45,14.8,True
2022-03-16,ACCT-5439,Enterprise,Healthcare,29.0,36,35.1,True
2022-03-17,ACCT-5440,Pro,Retail,499.0,45,0.2,True
2022-03-18,ACCT-5441,Enterprise,Retail,499.0,13,32.1,True
2022-03-19,ACCT-5442,Basic,Healthcare,29.0,33,43.3,True
2022-03-20,ACCT-5443,Enterprise,Retail,99.0,7,40.2,True
2022-03-21,ACCT-5444,Basic,Retail,499.0,13,38.3,False
2022-03-22,ACCT-5445,Basic,Finance,99.0,7,22.4,True
2022-03-23,ACCT-5446,Basic,Finance,29.0,34,63.8,True
2022-03-24,ACCT-5447,Enterprise,Retail,499.0,29,4.6,False
2022-03-25,ACCT-5448,Basic,Healthcare,29.0,35,50.3,True
2022-03-26,ACCT-5449,Enterprise,Finance,99.0,46,94.8,True
2022-03-27,ACCT-5450,Pro,Retail,99.0,8,18.5,False
2022-03-28,ACCT-5451,Enterprise,Finance,499.0,19,10.5,True
2022-03-29,ACCT-5452,Enterprise,Finance,29.0,39,38.5,True
2022-03-30,ACCT-5453,Basic,Finance,29.0,6,96.4,True
2022-03-31,ACCT-5454,Enterprise,Healthcare,999.0,21,63.5,True
2022-04-01,ACCT-5455,Pro,Retail,29.0,1,0.2,False
2022-04-02,ACCT-5456,Basic,Finance,29.0,3,49.5,False
2022-04-03,ACCT-5457,Basic,Finance,29.0,30,77.7,False
2022-04-04,ACCT-5458,Pro,Tech,999.0,20,27.7,False
2022-04-05,ACCT-5459,Basic,Retail,99.0,7,54.6,True
2022-04-06,ACCT-5460,Pro,Tech,99.0,19,16.6,True
2022-04-07,ACCT-5461,Enterprise,Finance,29.0,36,32.7,True
2022-04-08,ACCT-5462,Basic,Retail,499.0,9,81.1,True
2022-04-09,ACCT-5463,Basic,Healthcare,29.0,40,78.1,True
2022-04-10,ACCT-5464,Basic,Tech,29.0,10,10.6,True
2022-04-11,ACCT-5465,Enterprise,Tech,99.0,10,56.0,True
2022-04-12,ACCT-5466,Pro,Finance,999.0,42,47.3,True
2022-04-13,ACCT-5467,Basic,Tech,999.0,35,67.7,True
2022-04-14,ACCT-5468,Enterprise,Retail,999.0,14,37.9,True
2022-04-15,ACCT-5469,Pro,Finance,29.0,4,65.4,False
2022-04-16,ACCT-5470,Enterprise,Healthcare,499.0,21,61.0,True
2022-04-17,ACCT-5471,Pro,Retail,499.0,32,58.8,True
2022-04-18,ACCT-5472,Pro,Healthcare,99.0,31,67.4,True
2022-04-19,ACCT-5473,Enterprise,Healthcare,999.0,18,100.0,True
2022-04-20,ACCT-5474,Basic,Finance,999.0,22,25.3,True
2022-04-21,ACCT-5475,Enterprise,Retail,29.0,22,4.0,True
2022-04-22,ACCT-5476,Basic,Tech,499.0,9,6.8,True
2022-04-23,ACCT-5477,Basic,Retail,999.0,5,42.9,True
2022-04-24,ACCT-5478,Basic,Finance,499.0,26,80.5,True
2022-04-25,ACCT-5479,Enterprise,Healthcare,999.0,33,99.9,True
2022-04-26,ACCT-5480,Pro,Finance,499.0,48,26.8,True
2022-04-27,ACCT-5481,Enterprise,Healthcare,999.0,35,19.7,False
2022-04-28,ACCT-5482,Basic,Healthcare,99.0,12,45.5,True
2022-04-29,ACCT-5483,Enterprise,Retail,999.0,4,53.4,True
2022-04-30,ACCT-5484,Pro,Finance,29.0,49,92.9,False
2022-05-01,ACCT-5485,Basic,Retail,999.0,41,67.6,True
2022-05-02,ACCT-5486,Basic,Tech,99.0,30,73.9,True
2022-05-03,ACCT-5487,Enterprise,Healthcare,29.0,22,70.5,False
2022-05-04,ACCT-5488,Pro,Healthcare,999.0,5,69.1,True
2022-05-05,ACCT-5489,Enterprise,Finance,499.0,13,12.3,True
2022-05-06,ACCT-5490,Enterprise,Finance,499.0,4,87.5,False
2022-05-07,ACCT-5491,Enterprise,Finance,999.0,14,50.5,True
2022-05-08,ACCT-5492,Enterprise,Tech,29.0,39,46.8,True
2022-05-09,ACCT-5493,Basic,Retail,99.0,40,9.8,False
2022-05-10,ACCT-5494,Enterprise,Tech,999.0,43,26.1,True
2022-05-11,ACCT-5495,Pro,Retail,499.0,34,45.2,False
2022-05-12,ACCT-5496,Basic,Tech,999.0,28,82.2,True
2022-05-13,ACCT-5497,Basic,Finance,999.0,24,34.8,True
2022-05-14,ACCT-5498,Basic,Retail,999.0,42,35.7,True
2022-05-15,ACCT-5499,Basic,Tech,29.0,29,31.3,True
2022-05-16,ACCT-5500,Enterprise,Tech,499.0,33,23.3,True
2022-05-17,ACCT-5501,Enterprise,Finance,999.0,39,49.5,True
2022-05-18,ACCT-5502,Enterprise,Retail,499.0,10,93.6,True
2022-05-19,ACCT-5503,Basic,Retail,29.0,41,63.7,True
2022-05-20,ACCT-5504,Enterprise,Finance,999.0,8,25.4,True
2022-05-21,ACCT-5505,Basic,Tech,999.0,17,1.6,True
2022-05-22,ACCT-5506,Enterprise,Finance,99.0,27,33.4,False
2022-05-23,ACCT-5507,Enterprise,Finance,99.0,35,3.0,True
2022-05-24,ACCT-5508,Basic,Tech,29.0,21,50.5,False
2022-05-25,ACCT-5509,Enterprise,Finance,29.0,33,11.0,True
2022-05-26,ACCT-5510,Pro,Healthcare,99.0,12,30.5,False
2022-05-27,ACCT-5511,Pro,Healthcare,29.0,40,59.5,True
2022-05-28,ACCT-5512,Pro,Retail,499.0,39,84.7,True
2022-05-29,ACCT-5513,Basic,Tech,29.0,7,51.0,True
2022-05-30,ACCT-5514,Enterprise,Finance,29.0,31,9.5,True
2022-05-31,ACCT-5515,Pro,Retail,99.0,16,4.4,True
2022-06-01,ACCT-5516,Enterprise,Finance,999.0,42,24.6,True
2022-06-02,ACCT-5517,Pro,Healthcare,499.0,30,58.3,False
2022-06-03,ACCT-5518,Pro,Tech,29.0,20,33.9,True
2022-06-04,ACCT-5519,Enterprise,Tech,499.0,15,57.6,True
2022-06-05,ACCT-5520,Enterprise,Healthcare,99.0,2,36.6,True
2022-06-06,ACCT-5521,Enterprise,Finance,99.0,6,42.0,True
2022-06-07,ACCT-5522,Pro,Retail,99.0,22,4.7,True
2022-06-08,ACCT-5523,Pro,Retail,29.0,20,43.7,True
2022-06-09,ACCT-5524,Basic,Tech,29.0,36,31.9,True
2022-06-10,ACCT-5525,Enterprise,Healthcare,999.0,25,8.1,True
2022-06-11,ACCT-5526,Basic,Finance,29.0,35,97.9,True
2022-06-12,ACCT-5527,Enterprise,Healthcare,999.0,11,14.3,True
2022-06-13,ACCT-5528,Enterprise,Healthcare,99.0,45,22.2,True
2022-06-14,ACCT-5529,Basic,Tech,999.0,37,77.1,True
2022-06-15,ACCT-5530,Enterprise,Finance,99.0,22,86.8,True
2022-06-16,ACCT-5531,Pro,Tech,999.0,11,56.8,False
2022-06-17,ACCT-5532,Enterprise,Finance,499.0,43,7.5,True
2022-06-18,ACCT-5533,Enterprise,Tech,29.0,30,24.5,True
2022-06-19,ACCT-5534,Basic,Tech,999.0,42,5.2,False
2022-06-20,ACCT-5535,Basic,Retail,499.0,34,66.2,True
2022-06-21,ACCT-5536,Basic,Healthcare,99.0,25,17.7,True
2022-06-22,ACCT-5537,Basic,Finance,999.0,22,64.8,True
2022-06-23,ACCT-5538,Enterprise,Finance,999.0,38,15.2,True
2022-06-24,ACCT-5539,Pro,Finance,99.0,36,20.7,True
2022-06-25,ACCT-5540,Pro,Retail,29.0,46,89.3,True
2022-06-26,ACCT-5541,Enterprise,Retail,499.0,38,97.9,True
2022-06-27,ACCT-5542,Basic,Finance,499.0,38,96.6,True
2022-06-28,ACCT-5543,Enterprise,Tech,99.0,17,84.1,True
2022-06-29,ACCT-5544,Pro,Tech,99.0,41,58.8,True
2022-06-30,ACCT-5545,Pro,Retail,499.0,2,29.2,True
2022-07-01,ACCT-5546,Enterprise,Retail,29.0,45,32.5,False
2022-07-02,ACCT-5547,Pro,Healthcare,499.0,13,75.7,True
2022-07-03,ACCT-5548,Pro,Retail,29.0,41,36.1,True
2022-07-04,ACCT-5549,Pro,Healthcare,499.0,17,50.3,True
2022-07-05,ACCT-5550,Basic,Tech,999.0,22,66.6,True
2022-07-06,ACCT-5551,Enterprise,Finance,999.0,37,81.6,True
2022-07-07,ACCT-5552,Enterprise,Finance,99.0,45,71.2,True
2022-07-08,ACCT-5553,Enterprise,Retail,99.0,44,29.5,True
2022-07-09,ACCT-5554,Basic,Tech,499.0,23,44.2,True
2022-07-10,ACCT-5555,Basic,Finance,499.0,48,49.5,True
2022-07-11,ACCT-5556,Enterprise,Tech,99.0,46,13.9,True
2022-07-12,ACCT-5557,Basic,Tech,29.0,33,98.0,True
2022-07-13,ACCT-5558,Basic,Retail,29.0,22,96.7,True
2022-07-14,ACCT-5559,Enterprise,Tech,999.0,6,12.4,False
2022-07-15,ACCT-5560,Enterprise,Tech,29.0,31,25.8,True
2022-07-16,ACCT-5561,Enterprise,Retail,29.0,30,83.7,True
2022-07-17,ACCT-5562,Basic,Healthcare,499.0,6,68.8,False
2022-07-18,ACCT-5563,Basic,Healthcare,99.0,19,15.2,True
2022-07-19,ACCT-5564,Enterprise,Tech,29.0,32,4.4,True
2022-07-20,ACCT-5565,Enterprise,Retail,29.0,14,9.7,True
2022-07-21,ACCT-5566,Basic,Healthcare,999.0,12,84.9,True
2022-07-22,ACCT-5567,Basic,Healthcare,499.0,33,18.6,False
2022-07-23,ACCT-5568,Enterprise,Retail,499.0,16,61.6,True
2022-07-24,ACCT-5569,Enterprise,Tech,499.0,19,2.7,False
2022-07-25,ACCT-5570,Pro,Healthcare,29.0,33,28.5,True
2022-07-26,ACCT-5571,Enterprise,Finance,999.0,48,22.5,True
2022-07-27,ACCT-5572,Pro,Finance,499.0,32,17.1,True
2022-07-28,ACCT-5573,Enterprise,Retail,499.0,36,66.9,False
2022-07-29,ACCT-5574,Pro,Retail,29.0,1,95.5,False
2022-07-30,ACCT-5575,Pro,Retail,999.0,13,56.7,True
2022-07-31,ACCT-5576,Enterprise,Tech,499.0,33,47.9,True
2022-08-01,ACCT-5577,Enterprise,Healthcare,499.0,38,61.6,True
2022-08-02,ACCT-5578,Pro,Finance,99.0,5,79.1,True
2022-08-03,ACCT-5579,Enterprise,Finance,29.0,32,0.1,True
2022-08-04,ACCT-5580,Basic,Retail,499.0,40,74.0,False
2022-08-05,ACCT-5581,Pro,Finance,999.0,48,24.9,True
2022-08-06,ACCT-5582,Basic,Tech,99.0,22,69.8,False
2022-08-07,ACCT-5583,Pro,Finance,999.0,7,17.2,True
2022-08-08,ACCT-5584,Enterprise,Retail,499.0,27,67.1,True
2022-08-09,ACCT-5585,Basic,Retail,29.0,45,75.3,True
2022-08-10,ACCT-5586,Pro,Healthcare,29.0,31,47.2,True
2022-08-11,ACCT-5587,Pro,Finance,29.0,20,5.9,True
2022-08-12,ACCT-5588,Pro,Healthcare,29.0,30,12.8,True
2022-08-13,ACCT-5589,Basic,Retail,999.0,29,30.2,True
2022-08-14,ACCT-5590,Pro,Retail,99.0,11,56.5,True
2022-08-15,ACCT-5591,Pro,Tech,99.0,4,67.5,True
2022-08-16,ACCT-5592,Basic,Finance,99.0,13,16.5,True
2022-08-17,ACCT-5593,Pro,Retail,499.0,6,67.0,True
2022-08-18,ACCT-5594,Enterprise,Tech,499.0,47,24.1,True
2022-08-19,ACCT-5595,Pro,Finance,99.0,26,19.8,True
2022-08-20,ACCT-5596,Pro,Tech,499.0,38,20.8,False
2022-08-21,ACCT-5597,Basic,Tech,499.0,18,16.8,False
2022-08-22,ACCT-5598,Basic,Finance,99.0,48,10.7,False
2022-08-23,ACCT-5599,Pro,Healthcare,499.0,18,97.5,True
2022-08-24,ACCT-5600,Pro,Tech,499.0,29,30.5,True
2022-08-25,ACCT-5601,Basic,Tech,999.0,17,89.4,True
2022-08-26,ACCT-5602,Enterprise,Retail,99.0,19,25.3,True
2022-08-27,ACCT-5603,Pro,Healthcare,99.0,1,64.7,True
2022-08-28,ACCT-5604,Basic,Finance,499.0,23,3.7,True
2022-08-29,ACCT-5605,Pro,Tech,999.0,19,60.8,False
2022-08-30,ACCT-5606,Pro,Healthcare,999.0,14,39.4,True
2022-08-31,ACCT-5607,Basic,Healthcare,99.0,31,66.8,True
2022-09-01,ACCT-5608,Pro,Retail,29.0,10,20.8,True
2022-09-02,ACCT-5609,Pro,Tech,29.0,43,60.1,True
2022-09-03,ACCT-5610,Basic,Tech,999.0,26,64.3,True
2022-09-04,ACCT-5611,Pro,Finance,29.0,10,99.7,False
2022-09-05,ACCT-5612,Basic,Finance,29.0,41,3.7,True
2022-09-06,ACCT-5613,Basic,Healthcare,29.0,11,92.2,True
2022-09-07,ACCT-5614,Pro,Finance,999.0,12,79.1,True
2022-09-08,ACCT-5615,Enterprise,Healthcare,99.0,3,56.5,True
2022-09-09,ACCT-5616,Pro,Finance,499.0,49,1.1,True
2022-09-10,ACCT-5617,Pro,Finance,499.0,3,58.3,True
2022-09-11,ACCT-5618,Basic,Retail,499.0,2,75.6,False
2022-09-12,ACCT-5619,Basic,Finance,99.0,12,54.0,True
2022-09-13,ACCT-5620,Pro,Retail,999.0,16,21.0,True
2022-09-14,ACCT-5621,Pro,Healthcare,99.0,31,88.6,True
2022-09-15,ACCT-5622,Basic,Healthcare,499.0,46,41.9,True
2022-09-16,ACCT-5623,Basic,Tech,499.0,15,39.8,True
2022-09-17,ACCT-5624,Pro,Finance,99.0,25,92.4,True
2022-09-18,ACCT-5625,Enterprise,Finance,499.0,41,59.2,True
2022-09-19,ACCT-5626,Pro,Healthcare,29.0,43,15.2,True
2022-09-20,ACCT-5627,Basic,Healthcare,499.0,3,71.2,True
2022-09-21,ACCT-5628,Pro,Retail,999.0,5,64.3,True
2022-09-22,ACCT-5629,Pro,Healthcare,29.0,12,51.4,True
2022-09-23,ACCT-5630,Basic,Tech,29.0,9,50.1,True
2022-09-24,ACCT-5631,Pro,Healthcare,999.0,21,29.9,True
2022-09-25,ACCT-5632,Enterprise,Retail,999.0,31,90.1,True
2022-09-26,ACCT-5633,Enterprise,Healthcare,999.0,40,69.8,True
2022-09-27,ACCT-5634,Basic,Healthcare,99.0,35,73.9,True
2022-09-28,ACCT-5635,Pro,Healthcare,499.0,39,42.8,True
2022-09-29,ACCT-5636,Basic,Finance,99.0,16,33.6,True
2022-09-30,ACCT-5637,Pro,Retail,999.0,44,44.9,True
2022-10-01,ACCT-5638,Enterprise,Finance,499.0,20,16.2,True
2022-10-02,ACCT-5639,Pro,Tech,999.0,19,76.7,True
2022-10-03,ACCT-5640,Pro,Tech,29.0,24,49.5,True
2022-10-04,ACCT-5641,Basic,Tech,99.0,28,77.8,True
2022-10-05,ACCT-5642,Pro,Finance,99.0,5,83.6,True
2022-10-06,ACCT-5643,Pro,Tech,499.0,22,63.2,True
2022-10-07,ACCT-5644,Basic,Retail,99.0,40,19.9,True
2022-10-08,ACCT-5645,Basic,Tech,99.0,37,15.9,True
2022-10-09,ACCT-5646,Pro,Retail,999.0,22,32.6,False
2022-10-10,ACCT-5647,Pro,Healthcare,29.0,46,16.1,True
2022-10-11,ACCT-5648,Enterprise,Tech,999.0,15,61.2,True
2022-10-12,ACCT-5649,Basic,Retail,29.0,30,71.2,True
2022-10-13,ACCT-5650,Pro,Healthcare,99.0,6,62.5,True
2022-10-14,ACCT-5651,Pro,Retail,99.0,30,47.2,True
2022-10-15,ACCT-5652,Basic,Retail,29.0,44,55.3,True
2022-10-16,ACCT-5653,Basic,Tech,29.0,5,0.7,True
2022-10-17,ACCT-5654,Enterprise,Retail,99.0,21,65.0,True
2022-10-18,ACCT-5655,Pro,Retail,29.0,8,75.8,True
2022-10-19,ACCT-5656,Pro,Retail,29.0,3,57.5,True
2022-10-20,ACCT-5657,Pro,Tech,999.0,25,30.5,False
2022-10-21,ACCT-5658,Pro,Finance,29.0,19,84.5,True
2022-10-22,ACCT-5659,Basic,Finance,29.0,4,64.3,False
2022-10-23,ACCT-5660,Basic,Finance,99.0,11,67.6,True
2022-10-24,ACCT-5661,Basic,Retail,29.0,20,48.0,True
2022-10-25,ACCT-5662,Pro,Tech,999.0,9,58.4,True
2022-10-26,ACCT-5663,Enterprise,Retail,499.0,11,75.3,False
2022-10-27,ACCT-5664,Basic,Tech,999.0,3,82.9,False
2022-10-28,ACCT-5665,Basic,Healthcare,499.0,1,10.8,True
2022-10-29,ACCT-5666,Enterprise,Healthcare,499.0,6,36.2,True
2022-10-30,ACCT-5667,Basic,Healthcare,99.0,14,66.0,True
2022-10-31,ACCT-5668,Enterprise,Finance,999.0,9,27.4,True
2022-11-01,ACCT-5669,Enterprise,Healthcare,499.0,24,64.8,True
2022-11-02,ACCT-5670,Basic,Finance,29.0,42,31.5,False
2022-11-03,ACCT-5671,Basic,Retail,999.0,12,28.6,True
2022-11-04,ACCT-5672,Basic,Tech,99.0,26,16.2,True
2022-11-05,ACCT-5673,Basic,Finance,29.0,17,17.7,False
2022-11-06,ACCT-5674,Basic,Tech,99.0,18,58.6,True
2022-11-07,ACCT-5675,Basic,Retail,99.0,6,41.3,False
2022-11-08,ACCT-5676,Enterprise,Healthcare,499.0,37,83.9,True
2022-11-09,ACCT-5677,Pro,Finance,999.0,12,50.0,True
2022-11-10,ACCT-5678,Pro,Finance,499.0,46,47.7,True
2022-11-11,ACCT-5679,Basic,Finance,999.0,31,64.9,True
2022-11-12,ACCT-5680,Enterprise,Retail,999.0,15,47.6,True
2022-11-13,ACCT-5681,Enterprise,Tech,29.0,44,51.3,True
2022-11-14,ACCT-5682,Basic,Finance,99.0,1,54.1,True
2022-11-15,ACCT-5683,Basic,Finance,999.0,33,9.3,True
2022-11-16,ACCT-5684,Pro,Tech,29.0,45,83.7,True
2022-11-17,ACCT-5685,Basic,Retail,999.0,38,47.6,True
2022-11-18,ACCT-5686,Enterprise,Tech,499.0,6,48.6,False
2022-11-19,ACCT-5687,Enterprise,Tech,99.0,36,32.3,True
2022-11-20,ACCT-5688,Enterprise,Retail,29.0,17,26.0,False
2022-11-21,ACCT-5689,Enterprise,Finance,499.0,8,29.3,True
2022-11-22,ACCT-5690,Basic,Retail,99.0,16,29.4,True
2022-11-23,ACCT-5691,Basic,Finance,499.0,7,74.2,True
2022-11-24,ACCT-5692,Pro,Healthcare,999.0,7,6.4,True
2022-11-25,ACCT-5693,Pro,Tech,999.0,33,18.7,True
2022-11-26,ACCT-5694,Enterprise,Tech,99.0,5,13.0,False
2022-11-27,ACCT-5695,Enterprise,Healthcare,999.0,23,50.9,True
2022-11-28,ACCT-5696,Basic,Retail,29.0,28,35.8,True
2022-11-29,ACCT-5697,Basic,Tech,29.0,36,81.3,False
2022-11-30,ACCT-5698,Basic,Healthcare,499.0,40,5.2,True
2022-12-01,ACCT-5699,Pro,Healthcare,99.0,43,66.6,False
2022-12-02,ACCT-5700,Pro,Finance,29.0,9,99.9,True
2022-12-03,ACCT-5701,Basic,Healthcare,29.0,7,50.7,True
2022-12-04,ACCT-5702,Pro,Tech,29.0,26,40.3,False
2022-12-05,ACCT-5703,Enterprise,Tech,99.0,27,57.7,True
2022-12-06,ACCT-5704,Basic,Retail,499.0,21,18.1,True
2022-12-07,ACCT-5705,Enterprise,Healthcare,99.0,25,45.2,True
2022-12-08,ACCT-5706,Basic,Retail,999.0,38,24.8,True
2022-12-09,ACCT-5707,Enterprise,Tech,29.0,45,74.4,True
2022-12-10,ACCT-5708,Basic,Retail,999.0,24,60.5,True
2022-12-11,ACCT-5709,Enterprise,Healthcare,29.0,17,9.1,False
2022-12-12,ACCT-5710,Enterprise,Finance,29.0,2,75.4,True
2022-12-13,ACCT-5711,Basic,Healthcare,99.0,24,56.4,True
2022-12-14,ACCT-5712,Enterprise,Healthcare,99.0,35,64.0,True
2022-12-15,ACCT-5713,Basic,Finance,29.0,33,60.3,True
2022-12-16,ACCT-5714,Basic,Healthcare,499.0,8,87.7,True
2022-12-17,ACCT-5715,Enterprise,Tech,99.0,11,10.2,True
2022-12-18,ACCT-5716,Basic,Finance,99.0,13,57.0,True
2022-12-19,ACCT-5717,Basic,Healthcare,99.0,12,65.5,True
2022-12-20,ACCT-5718,Enterprise,Healthcare,999.0,43,88.2,False
2022-12-21,ACCT-5719,Basic,Finance,99.0,42,73.8,True
2022-12-22,ACCT-5720,Enterprise,Tech,999.0,24,4.4,True
2022-12-23,ACCT-5721,Basic,Healthcare,99.0,4,91.3,True
2022-12-24,ACCT-5722,Enterprise,Retail,29.0,6,13.9,True
2022-12-25,ACCT-5723,Enterprise,Healthcare,99.0,38,19.6,True
2022-12-26,ACCT-5724,Pro,Finance,99.0,27,30.4,True
2022-12-27,ACCT-5725,Enterprise,Finance,999.0,49,44.5,True
2022-12-28,ACCT-5726,Basic,Finance,29.0,38,98.0,True
2022-12-29,ACCT-5727,Pro,Tech,99.0,16,94.1,False
2022-12-30,ACCT-5728,Enterprise,Tech,29.0,43,13.2,True
2022-12-31,ACCT-5729,Pro,Finance,99.0,27,83.4,False
2023-01-01,ACCT-5730,Basic,Tech,99.0,24,33.1,True
2023-01-02,ACCT-5731,Basic,Healthcare,499.0,12,89.2,True
2023-01-03,ACCT-5732,Pro,Healthcare,999.0,8,96.4,True
2023-01-04,ACCT-5733,Basic,Retail,99.0,49,52.1,True
2023-01-05,ACCT-5734,Enterprise,Tech,999.0,43,73.0,True
2023-01-06,ACCT-5735,Basic,Tech,99.0,35,33.5,True
2023-01-07,ACCT-5736,Basic,Healthcare,499.0,18,74.1,False
2023-01-08,ACCT-5737,Pro,Retail,999.0,6,93.0,True
2023-01-09,ACCT-5738,Pro,Tech,499.0,19,97.5,False
2023-01-10,ACCT-5739,Enterprise,Healthcare,99.0,46,46.9,True
2023-01-11,ACCT-5740,Pro,Retail,999.0,11,11.2,False
2023-01-12,ACCT-5741,Basic,Finance,499.0,14,14.0,True
2023-01-13,ACCT-5742,Pro,Tech,29.0,43,39.6,True
2023-01-14,ACCT-5743,Pro,Tech,29.0,49,47.0,True
2023-01-15,ACCT-5744,Basic,Retail,999.0,8,82.1,True
2023-01-16,ACCT-5745,Enterprise,Finance,499.0,43,52.5,True
2023-01-17,ACCT-5746,Enterprise,Tech,499.0,24,25.7,True
2023-01-18,ACCT-5747,Pro,Retail,499.0,10,9.4,False
2023-01-19,ACCT-5748,Enterprise,Tech,499.0,13,73.4,True
2023-01-20,ACCT-5749,Basic,Tech,99.0,28,70.0,True
2023-01-21,ACCT-5750,Basic,Retail,999.0,12,52.6,True
2023-01-22,ACCT-5751,Basic,Tech,499.0,25,81.7,True
2023-01-23,ACCT-5752,Basic,Retail,29.0,49,97.9,True
2023-01-24,ACCT-5753,Enterprise,Finance,999.0,44,21.1,True
2023-01-25,ACCT-5754,Enterprise,Retail,999.0,13,53.5,True
2023-01-26,ACCT-5755,Enterprise,Tech,99.0,8,95.9,True
2023-01-27,ACCT-5756,Enterprise,Healthcare,29.0,48,62.4,True
2023-01-28,ACCT-5757,Pro,Retail,999.0,21,43.8,True
2023-01-29,ACCT-5758,Pro,Finance,499.0,11,60.3,True
2023-01-30,ACCT-5759,Pro,Tech,99.0,30,97.0,True
2023-01-31,ACCT-5760,Basic,Retail,499.0,1,65.1,False
2023-02-01,ACCT-5761,Enterprise,Finance,99.0,15,41.4,True
2023-02-02,ACCT-5762,Pro,Retail,99.0,46,32.6,True
2023-02-03,ACCT-5763,Basic,Healthcare,99.0,27,44.3,False
2023-02-04,ACCT-5764,Pro,Finance,29.0,16,89.8,True
2023-02-05,ACCT-5765,Pro,Healthcare,99.0,6,96.5,False
2023-02-06,ACCT-5766,Basic,Finance,29.0,31,6.6,True
2023-02-07,ACCT-5767,Pro,Retail,99.0,43,36.2,False
2023-02-08,ACCT-5768,Pro,Healthcare,29.0,14,57.1,True
2023-02-09,ACCT-5769,Basic,Healthcare,29.0,7,57.5,True
2023-02-10,ACCT-5770,Basic,Tech,499.0,26,97.4,True
2023-02-11,ACCT-5771,Basic,Tech,99.0,24,0.5,True
2023-02-12,ACCT-5772,Enterprise,Retail,999.0,23,43.2,True
2023-02-13,ACCT-5773,Enterprise,Healthcare,999.0,21,89.2,True
2023-02-14,ACCT-5774,Pro,Tech,999.0,23,84.2,True
2023-02-15,ACCT-5775,Basic,Tech,29.0,43,19.0,False
2023-02-16,ACCT-5776,Basic,Retail,29.0,41,12.7,True
2023-02-17,ACCT-5777,Enterprise,Healthcare,499.0,12,83.2,True
2023-02-18,ACCT-5778,Enterprise,Retail,99.0,23,93.8,False
2023-02-19,ACCT-5779,Basic,Tech,29.0,2,47.6,True
2023-02-20,ACCT-5780,Enterprise,Finance,29.0,10,55.4,False
2023-02-21,ACCT-5781,Enterprise,Retail,999.0,11,96.8,True
2023-02-22,ACCT-5782,Basic,Tech,99.0,45,19.9,True
2023-02-23,ACCT-5783,Pro,Tech,29.0,26,10.2,True
2023-02-24,ACCT-5784,Enterprise,Tech,499.0,7,86.0,True
2023-02-25,ACCT-5785,Pro,Finance,999.0,42,75.4,True
2023-02-26,ACCT-5786,Pro,Finance,29.0,5,29.5,False
2023-02-27,ACCT-5787,Enterprise,Retail,999.0,20,60.9,True
2023-02-28,ACCT-5788,Enterprise,Retail,29.0,24,58.0,True
2023-03-01,ACCT-5789,Pro,Finance,499.0,30,61.6,True
2023-03-02,ACCT-5790,Pro,Tech,999.0,15,26.8,False
2023-03-03,ACCT-5791,Enterprise,Tech,99.0,36,5.2,True
2023-03-04,ACCT-5792,Pro,Retail,99.0,9,12.1,True
2023-03-05,ACCT-5793,Basic,Healthcare,499.0,42,44.3,True
2023-03-06,ACCT-5794,Enterprise,Finance,499.0,7,7.8,True
2023-03-07,ACCT-5795,Pro,Healthcare,29.0,10,69.1,True
2023-03-08,ACCT-5796,Basic,Tech,29.0,47,99.7,True
2023-03-09,ACCT-5797,Enterprise,Tech,499.0,5,91.5,True
2023-03-10,ACCT-5798,Enterprise,Finance,999.0,19,27.4,True
2023-03-11,ACCT-5799,Basic,Retail,29.0,44,36.8,True
2023-03-12,ACCT-5800,Enterprise,Finance,999.0,27,24.0,True
2023-03-13,ACCT-5801,Enterprise,Retail,999.0,15,97.7,True
2023-03-14,ACCT-5802,Basic,Tech,99.0,44,26.7,True
2023-03-15,ACCT-5803,Basic,Tech,99.0,6,71.7,True
2023-03-16,ACCT-5804,Pro,Retail,99.0,30,83.5,True
2023-03-17,ACCT-5805,Pro,Retail,999.0,49,64.3,False
2023-03-18,ACCT-5806,Enterprise,Healthcare,29.0,44,72.8,False
2023-03-19,ACCT-5807,Basic,Healthcare,999.0,40,67.5,True
2023-03-20,ACCT-5808,Pro,Healthcare,999.0,32,90.6,True
2023-03-21,ACCT-5809,Enterprise,Healthcare,499.0,1,9.1,True
2023-03-22,ACCT-5810,Enterprise,Tech,29.0,49,76.4,True
2023-03-23,ACCT-5811,Pro,Tech,99.0,23,52.8,False
2023-03-24,ACCT-5812,Basic,Retail,499.0,1,32.4,True
2023-03-25,ACCT-5813,Basic,Finance,999.0,46,67.2,True
2023-03-26,ACCT-5814,Pro,Retail,99.0,42,74.2,True
2023-03-27,ACCT-5815,Pro,Tech,29.0,6,63.9,True
2023-03-28,ACCT-5816,Enterprise,Finance,999.0,17,65.2,False
2023-03-29,ACCT-5817,Enterprise,Retail,99.0,37,88.7,True
2023-03-30,ACCT-5818,Basic,Healthcare,499.0,40,9.9,True
2023-03-31,ACCT-5819,Basic,Healthcare,999.0,7,72.4,True
2023-04-01,ACCT-5820,Basic,Retail,29.0,38,9.2,False
2023-04-02,ACCT-5821,Pro,Tech,999.0,44,51.2,True
2023-04-03,ACCT-5822,Basic,Retail,999.0,12,68.9,True
2023-04-04,ACCT-5823,Basic,Tech,499.0,32,60.1,True
2023-04-05,ACCT-5824,Enterprise,Finance,999.0,9,26.8,True
2023-04-06,ACCT-5825,Pro,Retail,499.0,39,87.1,True
2023-04-07,ACCT-5826,Pro,Finance,999.0,10,89.6,True
2023-04-08,ACCT-5827,Basic,Tech,499.0,17,26.0,True
2023-04-09,ACCT-5828,Pro,Retail,29.0,35,66.8,True
2023-04-10,ACCT-5829,Pro,Retail,29.0,12,11.2,True
2023-04-11,ACCT-5830,Basic,Finance,499.0,45,16.7,True
2023-04-12,ACCT-5831,Enterprise,Healthcare,999.0,27,11.9,True
2023-04-13,ACCT-5832,Basic,Tech,499.0,25,90.6,True
2023-04-14,ACCT-5833,Basic,Retail,999.0,12,4.7,True
2023-04-15,ACCT-5834,Pro,Tech,99.0,33,32.8,True
2023-04-16,ACCT-5835,Basic,Retail,999.0,30,33.9,True
2023-04-17,ACCT-5836,Enterprise,Tech,499.0,3,34.7,True
2023-04-18,ACCT-5837,Basic,Tech,29.0,38,33.8,True
2023-04-19,ACCT-5838,Basic,Healthcare,999.0,25,23.6,True
2023-04-20,ACCT-5839,Enterprise,Tech,499.0,6,74.6,True
2023-04-21,ACCT-5840,Enterprise,Finance,999.0,5,74.1,True
2023-04-22,ACCT-5841,Enterprise,Finance,999.0,17,17.0,True
2023-04-23,ACCT-5842,Enterprise,Tech,99.0,17,78.4,False
2023-04-24,ACCT-5843,Basic,Tech,99.0,41,18.5,True
2023-04-25,ACCT-5844,Pro,Healthcare,99.0,36,49.9,True
2023-04-26,ACCT-5845,Enterprise,Healthcare,99.0,44,29.1,True
2023-04-27,ACCT-5846,Enterprise,Healthcare,999.0,33,17.5,False
2023-04-28,ACCT-5847,Pro,Healthcare,499.0,35,1.5,True
2023-04-29,ACCT-5848,Basic,Healthcare,29.0,21,37.0,False
2023-04-30,ACCT-5849,Pro,Healthcare,29.0,5,30.7,True
2023-05-01,ACCT-5850,Pro,Tech,99.0,32,24.1,True
2023-05-02,ACCT-5851,Enterprise,Retail,99.0,34,32.3,True
2023-05-03,ACCT-5852,Pro,Finance,99.0,44,98.4,True
2023-05-04,ACCT-5853,Basic,Tech,99.0,27,16.6,True
2023-05-05,ACCT-5854,Enterprise,Healthcare,499.0,20,0.9,True
2023-05-06,ACCT-5855,Basic,Healthcare,499.0,49,37.4,True
2023-05-07,ACCT-5856,Basic,Finance,999.0,18,71.0,False
2023-05-08,ACCT-5857,Basic,Tech,999.0,18,75.3,True
2023-05-09,ACCT-5858,Enterprise,Healthcare,499.0,38,92.9,True
2023-05-10,ACCT-5859,Basic,Tech,999.0,5,70.8,True
2023-05-11,ACCT-5860,Enterprise,Finance,29.0,1,67.1,True
2023-05-12,ACCT-5861,Basic,Tech,999.0,29,98.9,True
2023-05-13,ACCT-5862,Basic,Healthcare,999.0,3,31.0,True
2023-05-14,ACCT-5863,Enterprise,Tech,999.0,33,48.4,True
2023-05-15,ACCT-5864,Pro,Healthcare,999.0,44,72.4,False
2023-05-16,ACCT-5865,Enterprise,Finance,499.0,24,74.8,True
2023-05-17,ACCT-5866,Pro,Finance,499.0,23,50.6,False
2023-05-18,ACCT-5867,Basic,Finance,999.0,18,82.6,True
2023-05-19,ACCT-5868,Pro,Healthcare,29.0,36,19.3,True
2023-05-20,ACCT-5869,Enterprise,Finance,499.0,48,35.7,True
2023-05-21,ACCT-5870,Basic,Retail,29.0,42,47.1,False
2023-05-22,ACCT-5871,Basic,Tech,499.0,28,93.7,False
2023-05-23,ACCT-5872,Basic,Tech,499.0,41,19.8,False
2023-05-24,ACCT-5873,Enterprise,Tech,999.0,1,66.8,True
2023-05-25,ACCT-5874,Pro,Finance,99.0,17,92.9,True
2023-05-26,ACCT-5875,Basic,Retail,999.0,15,38.1,True
2023-05-27,ACCT-5876,Pro,Healthcare,499.0,14,42.8,True
2023-05-28,ACCT-5877,Enterprise,Tech,29.0,26,59.7,True
2023-05-29,ACCT-5878,Pro,Tech,499.0,16,73.2,True
2023-05-30,ACCT-5879,Basic,Tech,99.0,13,48.3,True
2023-05-31,ACCT-5880,Pro,Tech,99.0,4,60.9,False
2023-06-01,ACCT-5881,Pro,Finance,99.0,16,9.5,False
2023-06-02,ACCT-5882,Pro,Finance,99.0,10,35.9,True
2023-06-03,ACCT-5883,Basic,Tech,499.0,19,63.0,True
2023-06-04,ACCT-5884,Pro,Finance,29.0,29,1.2,True
2023-06-05,ACCT-5885,Pro,Finance,499.0,47,8.4,True
2023-06-06,ACCT-5886,Enterprise,Retail,499.0,22,56.9,True
2023-06-07,ACCT-5887,Basic,Healthcare,499.0,11,62.8,True
2023-06-08,ACCT-5888,Enterprise,Finance,999.0,20,73.8,True
2023-06-09,ACCT-5889,Enterprise,Healthcare,99.0,28,39.9,True
2023-06-10,ACCT-5890,Enterprise,Finance,29.0,27,25.3,True
2023-06-11,ACCT-5891,Basic,Tech,499.0,10,95.9,False
2023-06-12,ACCT-5892,Basic,Healthcare,499.0,2,52.4,True
2023-06-13,ACCT-5893,Basic,Retail,999.0,46,9.3,True
2023-06-14,ACCT-5894,Enterprise,Tech,29.0,2,10.5,True
2023-06-15,ACCT-5895,Basic,Finance,999.0,33,87.2,True
2023-06-16,ACCT-5896,Basic,Finance,499.0,31,94.2,True
2023-06-17,ACCT-5897,Pro,Finance,99.0,44,94.3,True
2023-06-18,ACCT-5898,Enterprise,Tech,499.0,28,82.1,True
2023-06-19,ACCT-5899,Enterprise,Tech,29.0,36,22.7,True
2023-06-20,ACCT-5900,Basic,Healthcare,99.0,34,98.7,True
2023-06-21,ACCT-5901,Enterprise,Retail,29.0,31,82.6,True
2023-06-22,ACCT-5902,Basic,Finance,499.0,31,74.9,True
2023-06-23,ACCT-5903,Pro,Tech,99.0,11,55.2,True
2023-06-24,ACCT-5904,Pro,Retail,999.0,33,27.9,True
2023-06-25,ACCT-5905,Pro,Healthcare,29.0,6,77.8,True
2023-06-26,ACCT-5906,Pro,Finance,999.0,27,29.4,True
2023-06-27,ACCT-5907,Basic,Tech,999.0,43,54.9,True
2023-06-28,ACCT-5908,Enterprise,Finance,499.0,32,52.6,False
2023-06-29,ACCT-5909,Basic,Healthcare,999.0,19,78.0,False
2023-06-30,ACCT-5910,Basic,Retail,499.0,7,39.4,True
2023-07-01,ACCT-5911,Basic,Healthcare,499.0,45,67.6,True
2023-07-02,ACCT-5912,Basic,Tech,29.0,11,83.7,False
2023-07-03,ACCT-5913,Pro,Finance,999.0,14,43.5,True
2023-07-04,ACCT-5914,Enterprise,Retail,29.0,25,40.8,True
2023-07-05,ACCT-5915,Pro,Retail,999.0,25,18.4,True
2023-07-06,ACCT-5916,Basic,Finance,999.0,47,56.2,True
2023-07-07,ACCT-5917,Enterprise,Finance,999.0,39,71.9,True
2023-07-08,ACCT-5918,Pro,Tech,499.0,32,94.2,True
2023-07-09,ACCT-5919,Enterprise,Tech,99.0,11,57.8,True
2023-07-10,ACCT-5920,Basic,Healthcare,99.0,10,37.3,True
2023-07-11,ACCT-5921,Pro,Finance,499.0,14,16.8,False
2023-07-12,ACCT-5922,Enterprise,Retail,999.0,41,99.7,True
2023-07-13,ACCT-5923,Enterprise,Healthcare,999.0,29,63.4,True
2023-07-14,ACCT-5924,Pro,Healthcare,29.0,36,53.0,True
2023-07-15,ACCT-5925,Basic,Healthcare,999.0,2,96.4,True
2023-07-16,ACCT-5926,Enterprise,Retail,99.0,45,85.0,True
2023-07-17,ACCT-5927,Enterprise,Retail,29.0,8,63.8,True
2023-07-18,ACCT-5928,Basic,Healthcare,499.0,24,61.9,False
2023-07-19,ACCT-5929,Pro,Tech,29.0,33,46.5,True
2023-07-20,ACCT-5930,Basic,Finance,999.0,46,55.9,True
2023-07-21,ACCT-5931,Pro,Healthcare,499.0,42,26.1,True
2023-07-22,ACCT-5932,Pro,Retail,499.0,16,45.9,True
2023-07-23,ACCT-5933,Pro,Healthcare,999.0,15,8.3,True
2023-07-24,ACCT-5934,Pro,Retail,499.0,14,30.0,True
2023-07-25,ACCT-5935,Enterprise,Tech,499.0,7,33.5,True
2023-07-26,ACCT-5936,Basic,Finance,499.0,25,96.9,True
2023-07-27,ACCT-5937,Pro,Tech,99.0,9,36.1,True
2023-07-28,ACCT-5938,Pro,Healthcare,99.0,16,74.9,True
2023-07-29,ACCT-5939,Pro,Retail,29.0,15,0.6,True
2023-07-30,ACCT-5940,Enterprise,Tech,99.0,8,52.2,True
2023-07-31,ACCT-5941,Enterprise,Retail,29.0,16,48.9,True
2023-08-01,ACCT-5942,Basic,Healthcare,499.0,26,0.2,True
2023-08-02,ACCT-5943,Basic,Finance,499.0,44,15.5,True
2023-08-03,ACCT-5944,Enterprise,Tech,29.0,14,28.9,True
2023-08-04,ACCT-5945,Enterprise,Finance,99.0,1,50.9,True
2023-08-05,ACCT-5946,Basic,Retail,29.0,39,43.9,True
2023-08-06,ACCT-5947,Pro,Finance,999.0,10,90.8,True
2023-08-07,ACCT-5948,Enterprise,Healthcare,99.0,8,4.8,True
2023-08-08,ACCT-5949,Enterprise,Healthcare,999.0,39,91.5,True
2023-08-09,ACCT-5950,Basic,Finance,99.0,16,53.1,True
2023-08-10,ACCT-5951,Basic,Tech,29.0,5,71.8,True
2023-08-11,ACCT-5952,Enterprise,Healthcare,499.0,28,27.6,True
2023-08-12,ACCT-5953,Pro,Finance,29.0,15,54.3,True
2023-08-13,ACCT-5954,Pro,Retail,999.0,33,72.9,True
2023-08-14,ACCT-5955,Pro,Tech,499.0,15,38.5,True
2023-08-15,ACCT-5956,Enterprise,Tech,499.0,28,63.3,False
2023-08-16,ACCT-5957,Pro,Finance,499.0,9,73.7,True
2023-08-17,ACCT-5958,Basic,Tech,29.0,42,83.8,True
2023-08-18,ACCT-5959,Pro,Retail,499.0,6,42.5,True
2023-08-19,ACCT-5960,Pro,Tech,999.0,10,28.1,False
2023-08-20,ACCT-5961,Enterprise,Retail,99.0,45,88.5,True
2023-08-21,ACCT-5962,Basic,Finance,999.0,6,76.1,False
2023-08-22,ACCT-5963,Pro,Finance,99.0,31,50.9,False
2023-08-23,ACCT-5964,Enterprise,Finance,999.0,33,87.6,False
2023-08-24,ACCT-5965,Basic,Tech,99.0,28,17.2,False
2023-08-25,ACCT-5966,Enterprise,Tech,99.0,13,28.0,True
2023-08-26,ACCT-5967,Pro,Healthcare,999.0,27,35.3,True
2023-08-27,ACCT-5968,Basic,Healthcare,999.0,4,67.6,True
2023-08-28,ACCT-5969,Basic,Healthcare,99.0,3,30.0,True
2023-08-29,ACCT-5970,Pro,Healthcare,499.0,12,49.5,True
2023-08-30,ACCT-5971,Pro,Healthcare,29.0,37,88.5,True
2023-08-31,ACCT-5972,Basic,Healthcare,99.0,14,0.3,True
2023-09-01,ACCT-5973,Pro,Healthcare,99.0,15,94.1,True
2023-09-02,ACCT-5974,Enterprise,Retail,99.0,20,20.9,False
2023-09-03,ACCT-5975,Basic,Healthcare,29.0,22,95.8,True
2023-09-04,ACCT-5976,Pro,Finance,99.0,40,52.9,False
2023-09-05,ACCT-5977,Pro,Retail,499.0,16,0.7,False
2023-09-06,ACCT-5978,Basic,Retail,99.0,43,91.5,True
2023-09-07,ACCT-5979,Enterprise,Healthcare,999.0,5,34.5,True
2023-09-08,ACCT-5980,Pro,Tech,499.0,12,54.8,True
2023-09-09,ACCT-5981,Enterprise,Healthcare,29.0,30,10.6,True
2023-09-10,ACCT-5982,Pro,Healthcare,999.0,28,18.6,False
2023-09-11,ACCT-5983,Enterprise,Retail,99.0,28,27.8,True
2023-09-12,ACCT-5984,Enterprise,Finance,99.0,49,60.0,True
2023-09-13,ACCT-5985,Enterprise,Tech,29.0,32,7.0,True
2023-09-14,ACCT-5986,Pro,Retail,29.0,8,45.8,True
2023-09-15,ACCT-5987,Basic,Tech,99.0,42,18.1,True
2023-09-16,ACCT-5988,Enterprise,Tech,99.0,6,57.4,True
2023-09-17,ACCT-5989,Pro,Healthcare,99.0,16,76.8,True
2023-09-18,ACCT-5990,Basic,Tech,999.0,30,28.5,True
2023-09-19,ACCT-5991,Enterprise,Tech,29.0,12,47.7,True
2023-09-20,ACCT-5992,Basic,Finance,29.0,46,58.7,True
2023-09-21,ACCT-5993,Basic,Retail,499.0,47,82.3,True
2023-09-22,ACCT-5994,Enterprise,Retail,499.0,16,46.0,True
2023-09-23,ACCT-5995,Pro,Healthcare,29.0,42,88.1,False
2023-09-24,ACCT-5996,Pro,Finance,999.0,25,55.2,False
2023-09-25,ACCT-5997,Enterprise,Tech,99.0,8,37.5,False
2023-09-26,ACCT-5998,Enterprise,Finance,99.0,8,60.6,True
2023-09-27,ACCT-5999,Basic,Retail,999.0,27,79.9,True
2023-09-28,ACCT-6000,Basic,Healthcare,499.0,3,76.9,False
2023-09-29,ACCT-6001,Basic,Tech,499.0,16,91.8,False
2023-09-30,ACCT-6002,Enterprise,Healthcare,499.0,35,72.4,True
2023-10-01,ACCT-6003,Pro,Healthcare,499.0,11,10.7,True
2023-10-02,ACCT-6004,Pro,Finance,999.0,23,13.5,True
2023-10-03,ACCT-6005,Pro,Retail,499.0,46,32.1,True
2023-10-04,ACCT-6006,Pro,Tech,999.0,2,99.9,False
2023-10-05,ACCT-6007,Basic,Tech,999.0,40,93.0,True
2023-10-06,ACCT-6008,Basic,Finance,29.0,20,16.4,True
2023-10-07,ACCT-6009,Pro,Retail,99.0,12,12.7,False
2023-10-08,ACCT-6010,Pro,Tech,999.0,22,5.4,True
2023-10-09,ACCT-6011,Basic,Healthcare,29.0,25,36.4,True
2023-10-10,ACCT-6012,Pro,Finance,99.0,5,69.6,True
2023-10-11,ACCT-6013,Enterprise,Finance,999.0,21,87.0,False
2023-10-12,ACCT-6014,Enterprise,Healthcare,499.0,25,73.0,True
2023-10-13,ACCT-6015,Basic,Finance,499.0,17,39.8,True
2023-10-14,ACCT-6016,Pro,Tech,29.0,25,9.1,True
2023-10-15,ACCT-6017,Basic,Healthcare,99.0,21,68.2,False
2023-10-16,ACCT-6018,Pro,Healthcare,99.0,40,13.7,True
2023-10-17,ACCT-6019,Basic,Tech,99.0,20,8.8,True
2023-10-18,ACCT-6020,Pro,Finance,29.0,2,53.8,True
2023-10-19,ACCT-6021,Pro,Finance,499.0,34,51.8,True
2023-10-20,ACCT-6022,Enterprise,Tech,29.0,34,41.7,False
2023-10-21,ACCT-6023,Enterprise,Tech,499.0,4,8.4,True
2023-10-22,ACCT-6024,Enterprise,Retail,999.0,28,73.7,True
2023-10-23,ACCT-6025,Enterprise,Healthcare,499.0,38,12.5,True
2023-10-24,ACCT-6026,Basic,Tech,29.0,18,26.2,True
2023-10-25,ACCT-6027,Basic,Tech,29.0,18,37.6,True
2023-10-26,ACCT-6028,Basic,Finance,99.0,41,55.0,True
2023-10-27,ACCT-6029,Pro,Tech,999.0,33,12.3,False
2023-10-28,ACCT-6030,Basic,Tech,999.0,6,52.0,True
2023-10-29,ACCT-6031,Enterprise,Healthcare,999.0,35,40.6,True
2023-10-30,ACCT-6032,Pro,Retail,99.0,38,64.1,True
2023-10-31,ACCT-6033,Enterprise,Tech,499.0,23,23.5,True
2023-11-01,ACCT-6034,Pro,Healthcare,29.0,25,49.6,True
2023-11-02,ACCT-6035,Basic,Retail,99.0,20,63.0,True
2023-11-03,ACCT-6036,Basic,Retail,999.0,46,67.2,True
2023-11-04,ACCT-6037,Enterprise,Retail,29.0,4,35.8,True
2023-11-05,ACCT-6038,Enterprise,Healthcare,99.0,40,70.8,False
2023-11-06,ACCT-6039,Pro,Tech,29.0,8,1.1,True
2023-11-07,ACCT-6040,Enterprise,Finance,29.0,35,99.2,False
2023-11-08,ACCT-6041,Enterprise,Healthcare,29.0,39,13.8,False
2023-11-09,ACCT-6042,Basic,Healthcare,29.0,24,79.2,True
2023-11-10,ACCT-6043,Pro,Healthcare,999.0,8,54.0,False
2023-11-11,ACCT-6044,Pro,Tech,29.0,32,81.5,True
2023-11-12,ACCT-6045,Enterprise,Retail,99.0,21,24.1,True
2023-11-13,ACCT-6046,Pro,Finance,29.0,44,41.2,True
2023-11-14,ACCT-6047,Basic,Finance,29.0,20,96.8,False
2023-11-15,ACCT-6048,Enterprise,Retail,999.0,41,30.8,True
2023-11-16,ACCT-6049,Enterprise,Healthcare,29.0,25,30.7,True
2023-11-17,ACCT-6050,Enterprise,Healthcare,29.0,31,65.8,True
2023-11-18,ACCT-6051,Pro,Tech,99.0,10,31.6,False
2023-11-19,ACCT-6052,Basic,Retail,999.0,40,73.9,True
2023-11-20,ACCT-6053,Pro,Healthcare,99.0,16,10.5,True
2023-11-21,ACCT-6054,Pro,Tech,99.0,29,28.6,True
2023-11-22,ACCT-6055,Pro,Finance,499.0,15,41.8,False
2023-11-23,ACCT-6056,Basic,Retail,29.0,45,15.9,True
2023-11-24,ACCT-6057,Basic,Healthcare,999.0,8,86.2,True
2023-11-25,ACCT-6058,Pro,Finance,499.0,1,32.3,True
2023-11-26,ACCT-6059,Basic,Tech,29.0,12,37.6,True
2023-11-27,ACCT-6060,Basic,Finance,99.0,13,46.6,True
2023-11-28,ACCT-6061,Basic,Healthcare,999.0,49,16.0,False
2023-11-29,ACCT-6062,Basic,Finance,29.0,44,31.8,True
2023-11-30,ACCT-6063,Basic,Healthcare,999.0,41,0.5,True
2023-12-01,ACCT-6064,Pro,Finance,999.0,39,24.5,True
2023-12-02,ACCT-6065,Enterprise,Retail,99.0,20,25.8,True
2023-12-03,ACCT-6066,Basic,Tech,499.0,20,18.1,True
2023-12-04,ACCT-6067,Enterprise,Retail,499.0,8,62.3,True
2023-12-05,ACCT-6068,Pro,Healthcare,29.0,44,83.1,False
2023-12-06,ACCT-6069,Pro,Finance,999.0,23,4.2,True
2023-12-07,ACCT-6070,Pro,Tech,29.0,11,15.0,True
2023-12-08,ACCT-6071,Enterprise,Healthcare,499.0,13,87.4,False
2023-12-09,ACCT-6072,Basic,Finance,499.0,17,75.3,False
2023-12-10,ACCT-6073,Enterprise,Tech,99.0,17,57.0,True
2023-12-11,ACCT-6074,Enterprise,Retail,499.0,8,36.8,True
2023-12-12,ACCT-6075,Pro,Retail,999.0,7,60.0,True
2023-12-13,ACCT-6076,Basic,Tech,99.0,8,5.1,False
2023-12-14,ACCT-6077,Pro,Tech,99.0,9,34.0,True
2023-12-15,ACCT-6078,Pro,Tech,999.0,11,17.1,True
2023-12-16,ACCT-6079,Pro,Healthcare,999.0,19,70.5,True
2023-12-17,ACCT-6080,Pro,Finance,999.0,2,42.0,False
2023-12-18,ACCT-6081,Basic,Retail,99.0,19,64.9,True
2023-12-19,ACCT-6082,Pro,Finance,99.0,37,22.7,False
2023-12-20,ACCT-6083,Enterprise,Retail,99.0,20,87.8,True
2023-12-21,ACCT-6084,Pro,Retail,499.0,11,24.5,True
2023-12-22,ACCT-6085,Enterprise,Healthcare,99.0,44,81.6,True
2023-12-23,ACCT-6086,Enterprise,Finance,99.0,5,88.4,True
2023-12-24,ACCT-6087,Basic,Healthcare,99.0,42,7.1,True
2023-12-25,ACCT-6088,Basic,Finance,29.0,34,18.1,True
2023-12-26,ACCT-6089,Basic,Finance,99.0,22,40.6,True
2023-12-27,ACCT-6090,Enterprise,Finance,29.0,34,17.4,True
2023-12-28,ACCT-6091,Enterprise,Healthcare,499.0,32,22.2,True
2023-12-29,ACCT-6092,Pro,Finance,499.0,3,3.9,True
2023-12-30,ACCT-6093,Basic,Healthcare,999.0,25,3.3,True
2023-12-31,ACCT-6094,Pro,Retail,99.0,39,61.0,True
2024-01-01,ACCT-6095,Pro,Tech,999.0,4,34.3,True
2024-01-02,ACCT-6096,Basic,Tech,499.0,37,56.6,False
2024-01-03,ACCT-6097,Basic,Healthcare,99.0,24,24.6,False
2024-01-04,ACCT-6098,Basic,Finance,99.0,48,62.8,True
2024-01-05,ACCT-6099,Pro,Retail,999.0,12,11.0,True
2024-01-06,ACCT-6100,Pro,Retail,999.0,47,16.4,True
2024-01-07,ACCT-6101,Enterprise,Healthcare,999.0,8,70.8,True
2024-01-08,ACCT-6102,Basic,Healthcare,29.0,31,12.9,True
2024-01-09,ACCT-6103,Enterprise,Healthcare,999.0,23,34.1,True
2024-01-10,ACCT-6104,Enterprise,Tech,99.0,10,51.2,True
2024-01-11,ACCT-6105,Enterprise,Retail,999.0,37,67.2,True
2024-01-12,ACCT-6106,Pro,Healthcare,999.0,33,35.2,True
2024-01-13,ACCT-6107,Basic,Finance,499.0,48,80.9,True
2024-01-14,ACCT-6108,Pro,Retail,999.0,18,59.9,True
2024-01-15,ACCT-6109,Pro,Tech,99.0,35,38.1,False
2024-01-16,ACCT-6110,Basic,Retail,499.0,38,81.1,True
2024-01-17,ACCT-6111,Enterprise,Healthcare,29.0,13,50.8,False
2024-01-18,ACCT-6112,Pro,Tech,999.0,16,21.3,False
2024-01-19,ACCT-6113,Pro,Tech,499.0,48,50.1,True
2024-01-20,ACCT-6114,Enterprise,Finance,29.0,39,28.0,True
2024-01-21,ACCT-6115,Basic,Retail,999.0,12,19.5,False
2024-01-22,ACCT-6116,Enterprise,Tech,999.0,47,1.0,True
2024-01-23,ACCT-6117,Enterprise,Healthcare,999.0,15,3.2,True
2024-01-24,ACCT-6118,Enterprise,Healthcare,999.0,22,46.3,False
2024-01-25,ACCT-6119,Basic,Finance,499.0,28,53.2,True
2024-01-26,ACCT-6120,Enterprise,Healthcare,999.0,30,33.4,True
2024-01-27,ACCT-6121,Enterprise,Retail,999.0,43,44.9,True
2024-01-28,ACCT-6122,Pro,Tech,29.0,46,46.6,True
2024-01-29,ACCT-6123,Enterprise,Tech,499.0,14,85.2,False
2024-01-30,ACCT-6124,Basic,Finance,999.0,40,68.8,True
2024-01-31,ACCT-6125,Basic,Healthcare,499.0,20,27.4,False
2024-02-01,ACCT-6126,Enterprise,Healthcare,99.0,34,86.4,True
2024-02-02,ACCT-6127,Enterprise,Healthcare,99.0,10,77.9,True
2024-02-03,ACCT-6128,Enterprise,Retail,999.0,39,54.5,True
2024-02-04,ACCT-6129,Pro,Healthcare,999.0,44,32.5,True
2024-02-05,ACCT-6130,Basic,Tech,499.0,16,27.2,True
2024-02-06,ACCT-6131,Basic,Tech,499.0,33,38.2,False
2024-02-07,ACCT-6132,Pro,Healthcare,999.0,15,11.2,True
2024-02-08,ACCT-6133,Pro,Retail,29.0,31,39.5,True
2024-02-09,ACCT-6134,Pro,Tech,999.0,39,29.2,False
2024-02-10,ACCT-6135,Enterprise,Tech,99.0,27,42.6,True
2024-02-11,ACCT-6136,Enterprise,Healthcare,499.0,21,15.2,False
2024-02-12,ACCT-6137,Pro,Retail,999.0,20,86.5,True
2024-02-13,ACCT-6138,Basic,Healthcare,499.0,41,48.2,False
2024-02-14,ACCT-6139,Pro,Finance,29.0,10,80.1,False
2024-02-15,ACCT-6140,Basic,Tech,99.0,17,85.5,True
2024-02-16,ACCT-6141,Pro,Retail,499.0,44,1.0,True
2024-02-17,ACCT-6142,Basic,Finance,999.0,39,74.9,False
2024-02-18,ACCT-6143,Enterprise,Retail,29.0,25,7.9,True
2024-02-19,ACCT-6144,Enterprise,Retail,99.0,39,85.9,True
2024-02-20,ACCT-6145,Enterprise,Healthcare,499.0,23,62.2,True
2024-02-21,ACCT-6146,Enterprise,Retail,999.0,31,26.3,True
2024-02-22,ACCT-6147,Basic,Tech,99.0,42,90.9,True
2024-02-23,ACCT-6148,Enterprise,Retail,499.0,37,47.5,True
2024-02-24,ACCT-6149,Enterprise,Tech,999.0,8,28.4,True
2024-02-25,ACCT-6150,Basic,Healthcare,29.0,3,77.3,True
2024-02-26,ACCT-6151,Basic,Tech,29.0,29,10.7,True
2024-02-27,ACCT-6152,Pro,Retail,499.0,4,24.1,True
2024-02-28,ACCT-6153,Enterprise,Finance,999.0,34,38.6,True
2024-02-29,ACCT-6154,Pro,Tech,499.0,33,63.3,True
2024-03-01,ACCT-6155,Enterprise,Healthcare,99.0,42,57.9,False
2024-03-02,ACCT-6156,Pro,Retail,29.0,32,53.2,True
2024-03-03,ACCT-6157,Pro,Healthcare,999.0,15,25.3,True
2024-03-04,ACCT-6158,Enterprise,Tech,99.0,6,6.3,False
2024-03-05,ACCT-6159,Pro,Retail,999.0,10,60.4,False
2024-03-06,ACCT-6160,Enterprise,Tech,99.0,40,96.9,True
2024-03-07,ACCT-6161,Pro,Tech,29.0,2,62.6,False
2024-03-08,ACCT-6162,Pro,Finance,29.0,23,8.6,False
2024-03-09,ACCT-6163,Basic,Finance,99.0,41,42.5,True
2024-03-10,ACCT-6164,Enterprise,Healthcare,99.0,28,35.4,True
2024-03-11,ACCT-6165,Basic,Finance,499.0,46,44.9,False
2024-03-12,ACCT-6166,Enterprise,Retail,999.0,44,76.4,True
2024-03-13,ACCT-6167,Pro,Finance,499.0,22,80.1,False
2024-03-14,ACCT-6168,Enterprise,Healthcare,999.0,3,6.2,True
2024-03-15,ACCT-6169,Enterprise,Retail,499.0,45,11.7,False
2024-03-16,ACCT-6170,Pro,Tech,999.0,18,62.8,True
2024-03-17,ACCT-6171,Enterprise,Healthcare,99.0,8,54.9,True
2024-03-18,ACCT-6172,Basic,Retail,29.0,45,23.2,True
2024-03-19,ACCT-6173,Basic,Tech,99.0,1,21.0,True
2024-03-20,ACCT-6174,Pro,Retail,499.0,44,93.8,False
2024-03-21,ACCT-6175,Basic,Retail,29.0,21,52.3,False
2024-03-22,ACCT-6176,Enterprise,Healthcare,29.0,5,62.2,True
2024-03-23,ACCT-6177,Pro,Tech,999.0,47,16.9,True
2024-03-24,ACCT-6178,Enterprise,Tech,29.0,18,51.4,True
2024-03-25,ACCT-6179,Enterprise,Healthcare,499.0,36,45.2,True
2024-03-26,ACCT-6180,Basic,Finance,999.0,33,18.1,False
2024-03-27,ACCT-6181,Enterprise,Tech,99.0,45,83.2,True
2024-03-28,ACCT-6182,Pro,Healthcare,499.0,9,53.0,True
2024-03-29,ACCT-6183,Enterprise,Finance,29.0,46,30.7,True
2024-03-30,ACCT-6184,Basic,Finance,29.0,9,89.3,True
2024-03-31,ACCT-6185,Basic,Finance,499.0,1,69.1,True
2024-04-01,ACCT-6186,Enterprise,Tech,999.0,44,95.2,True
2024-04-02,ACCT-6187,Pro,Retail,499.0,46,70.4,True
2024-04-03,ACCT-6188,Pro,Tech,499.0,45,78.0,True
2024-04-04,ACCT-6189,Enterprise,Finance,29.0,47,13.5,True
2024-04-05,ACCT-6190,Pro,Tech,29.0,34,61.2,True
2024-04-06,ACCT-6191,Pro,Retail,29.0,22,7.6,True
2024-04-07,ACCT-6192,Basic,Finance,29.0,13,26.3,True
2024-04-08,ACCT-6193,Pro,Retail,99.0,28,30.9,True
2024-04-09,ACCT-6194,Pro,Tech,29.0,28,99.2,True
2024-04-10,ACCT-6195,Enterprise,Healthcare,99.0,44,5.0,True
2024-04-11,ACCT-6196,Basic,Tech,99.0,35,78.9,True
2024-04-12,ACCT-6197,Basic,Tech,499.0,39,40.3,False
2024-04-13,ACCT-6198,Pro,Retail,29.0,10,8.2,True
2024-04-14,ACCT-6199,Pro,Healthcare,499.0,38,89.4,True
