invoice_date,item_desc,service_added,job_type,liter_volume,material_cost,billed_amount,contractor_id
2023-01-01,Custom Mix (Blue),In-home Consult,Industrial,45.6,60.87,350.52,PAINT-930
2023-01-02,Brushes Set,None,Commercial,40.5,127.17,726.11,PAINT-567
2023-01-03,Brushes Set,None,Residential,6.4,126.06,513.46,PAINT-432
2023-01-04,Brushes Set,Color Matching,Residential,35.4,64.78,417.15,PAINT-582
2023-01-05,Glossy Enamel,Color Matching,Residential,8.1,57.91,779.28,PAINT-447
2023-01-06,Brushes Set,In-home Consult,Commercial,39.1,119.98,649.77,PAINT-587
2023-01-07,Matte White Base,None,Auto,11.9,168.83,227.17,PAINT-500
2023-01-08,Primer 5L,None,Auto,28.4,147.77,222.96,PAINT-515
2023-01-09,Glossy Enamel,Delivery,Residential,22.6,62.93,121.09,PAINT-938
2023-01-10,Custom Mix (Blue),Delivery,Commercial,11.1,64.25,370.22,PAINT-404
2023-01-11,Glossy Enamel,In-home Consult,Residential,8.6,46.59,154.12,PAINT-114
2023-01-12,Matte White Base,None,Industrial,14.6,90.49,754.05,PAINT-765
2023-01-13,Brushes Set,Delivery,Commercial,11.3,40.2,568.7,PAINT-510
2023-01-14,Brushes Set,Color Matching,Auto,3.9,122.72,304.23,PAINT-530
2023-01-15,Glossy Enamel,Delivery,Auto,32.9,18.75,496.58,PAINT-445
2023-01-16,Custom Mix (Blue),Color Matching,Commercial,46.2,194.7,377.15,PAINT-188
2023-01-17,Glossy Enamel,Delivery,Auto,7.6,175.12,311.85,PAINT-258
2023-01-18,Primer 5L,Delivery,Commercial,18.7,45.66,191.75,PAINT-934
2023-01-19,Glossy Enamel,In-home Consult,Commercial,41.1,111.35,433.64,PAINT-575
2023-01-20,Primer 5L,Color Matching,Commercial,40.1,138.19,746.18,PAINT-635
2023-01-21,Brushes Set,None,Industrial,1.1,116.93,627.87,PAINT-396
2023-01-22,Custom Mix (Blue),None,Residential,34.6,14.14,445.83,PAINT-385
2023-01-23,Matte White Base,Delivery,Commercial,17.6,108.43,380.84,PAINT-168
2023-01-24,Primer 5L,In-home Consult,Commercial,28.2,54.36,608.14,PAINT-917
2023-01-25,Brushes Set,In-home Consult,Industrial,14.8,151.13,549.23,PAINT-790
2023-01-26,Primer 5L,Delivery,Auto,36.5,160.85,506.41,PAINT-508
2023-01-27,Glossy Enamel,In-home Consult,Residential,38.9,137.39,304.65,PAINT-761
2023-01-28,Primer 5L,In-home Consult,Industrial,32.3,164.89,662.2,PAINT-471
2023-01-29,Custom Mix (Blue),In-home Consult,Commercial,11.4,184.18,688.36,PAINT-308
2023-01-30,Matte White Base,None,Industrial,30.4,77.34,397.22,PAINT-434
2023-01-31,Glossy Enamel,Delivery,Industrial,38.3,63.72,209.8,PAINT-813
2023-02-01,Primer 5L,Delivery,Residential,48.1,45.31,763.35,PAINT-339
2023-02-02,Glossy Enamel,None,Auto,9.1,23.5,476.39,PAINT-694
2023-02-03,Primer 5L,In-home Consult,Auto,26.8,143.55,507.35,PAINT-909
2023-02-04,Custom Mix (Blue),Delivery,Auto,36.0,123.34,538.33,PAINT-692
2023-02-05,Custom Mix (Blue),In-home Consult,Auto,29.3,97.06,171.91,PAINT-430
2023-02-06,Glossy Enamel,Delivery,Residential,27.4,53.0,620.88,PAINT-306
2023-02-07,Primer 5L,None,Residential,48.6,117.77,384.79,PAINT-852
2023-02-08,Custom Mix (Blue),In-home Consult,Commercial,9.9,148.11,724.71,PAINT-542
2023-02-09,Matte White Base,Delivery,Commercial,42.1,79.58,80.72,PAINT-832
2023-02-10,Glossy Enamel,Color Matching,Industrial,47.2,37.79,633.83,PAINT-280
2023-02-11,Brushes Set,Delivery,Commercial,20.4,156.29,477.09,PAINT-815
2023-02-12,Primer 5L,Color Matching,Industrial,49.2,199.14,635.3,PAINT-903
2023-02-13,Custom Mix (Blue),Delivery,Industrial,39.9,199.59,575.74,PAINT-705
2023-02-14,Matte White Base,Delivery,Auto,12.7,92.54,776.15,PAINT-768
2023-02-15,Brushes Set,Delivery,Residential,42.8,33.55,633.45,PAINT-348
2023-02-16,Primer 5L,None,Industrial,23.5,184.51,185.77,PAINT-420
2023-02-17,Matte White Base,None,Auto,29.0,113.47,221.41,PAINT-796
2023-02-18,Primer 5L,In-home Consult,Industrial,24.4,133.18,546.05,PAINT-658
2023-02-19,Primer 5L,Color Matching,Industrial,35.8,168.84,121.49,PAINT-820
2023-02-20,Matte White Base,None,Residential,49.9,89.59,452.07,PAINT-520
2023-02-21,Custom Mix (Blue),Delivery,Auto,25.4,178.22,701.26,PAINT-941
2023-02-22,Matte White Base,Color Matching,Residential,49.8,113.57,175.0,PAINT-344
2023-02-23,Custom Mix (Blue),None,Residential,41.0,58.06,107.02,PAINT-777
2023-02-24,Matte White Base,Color Matching,Commercial,9.1,153.89,55.83,PAINT-808
2023-02-25,Glossy Enamel,Delivery,Residential,45.1,173.55,275.69,PAINT-125
2023-02-26,Custom Mix (Blue),None,Residential,16.5,186.64,514.85,PAINT-216
2023-02-27,Brushes Set,Delivery,Commercial,46.8,10.23,571.54,PAINT-550
2023-02-28,Brushes Set,In-home Consult,Auto,24.8,90.22,138.0,PAINT-661
2023-03-01,Custom Mix (Blue),Delivery,Commercial,13.4,43.84,413.42,PAINT-446
2023-03-02,Custom Mix (Blue),None,Auto,42.5,196.96,63.49,PAINT-588
2023-03-03,Primer 5L,Delivery,Auto,17.8,23.23,166.17,PAINT-296
2023-03-04,Matte White Base,Color Matching,Auto,46.4,167.0,340.12,PAINT-435
2023-03-05,Glossy Enamel,None,Auto,32.2,195.87,700.92,PAINT-499
2023-03-06,Primer 5L,None,Commercial,11.9,185.06,609.23,PAINT-161
2023-03-07,Primer 5L,Delivery,Industrial,26.6,164.92,406.38,PAINT-291
2023-03-08,Brushes Set,Color Matching,Commercial,1.7,68.27,686.27,PAINT-689
2023-03-09,Matte White Base,None,Auto,18.6,71.31,669.46,PAINT-577
2023-03-10,Brushes Set,Delivery,Auto,23.0,162.05,406.39,PAINT-995
2023-03-11,Custom Mix (Blue),In-home Consult,Industrial,34.2,51.95,463.43,PAINT-184
2023-03-12,Glossy Enamel,In-home Consult,Industrial,16.6,96.76,492.01,PAINT-743
2023-03-13,Primer 5L,None,Auto,39.9,187.68,532.44,PAINT-410
2023-03-14,Brushes Set,Color Matching,Commercial,40.4,199.87,535.45,PAINT-607
2023-03-15,Custom Mix (Blue),In-home Consult,Residential,35.9,28.32,100.67,PAINT-417
2023-03-16,Custom Mix (Blue),None,Commercial,18.7,16.51,263.08,PAINT-518
2023-03-17,Glossy Enamel,None,Auto,1.4,85.05,129.35,PAINT-652
2023-03-18,Brushes Set,None,Commercial,23.5,140.36,407.96,PAINT-170
2023-03-19,Glossy Enamel,In-home Consult,Industrial,28.5,80.06,376.34,PAINT-736
2023-03-20,Custom Mix (Blue),Color Matching,Residential,22.2,77.5,395.33,PAINT-471
2023-03-21,Custom Mix (Blue),None,Auto,28.7,175.53,90.79,PAINT-101
2023-03-22,Custom Mix (Blue),In-home Consult,Residential,14.8,195.96,376.98,PAINT-573
2023-03-23,Brushes Set,In-home Consult,Auto,36.2,55.17,298.88,PAINT-681
2023-03-24,Custom Mix (Blue),Color Matching,Residential,9.8,55.03,558.91,PAINT-183
2023-03-25,Custom Mix (Blue),Color Matching,Industrial,32.7,185.23,195.07,PAINT-216
2023-03-26,Custom Mix (Blue),Color Matching,Industrial,2.6,99.64,727.74,PAINT-759
2023-03-27,Primer 5L,Color Matching,Auto,30.6,55.4,328.19,PAINT-256
2023-03-28,Primer 5L,Delivery,Commercial,13.8,159.22,532.62,PAINT-804
2023-03-29,Glossy Enamel,Color Matching,Commercial,22.8,174.51,488.74,PAINT-683
2023-03-30,Primer 5L,In-home Consult,Auto,44.2,122.53,191.18,PAINT-485
2023-03-31,Primer 5L,None,Industrial,12.3,190.83,152.93,PAINT-823
2023-04-01,Custom Mix (Blue),Color Matching,Residential,30.4,169.66,169.63,PAINT-147
2023-04-02,Brushes Set,In-home Consult,Commercial,32.7,41.47,336.21,PAINT-366
2023-04-03,Primer 5L,Color Matching,Residential,2.9,149.44,632.23,PAINT-120
2023-04-04,Brushes Set,Delivery,Auto,48.4,144.61,460.81,PAINT-101
2023-04-05,Custom Mix (Blue),Delivery,Industrial,43.6,151.21,205.86,PAINT-242
2023-04-06,Glossy Enamel,In-home Consult,Auto,32.3,146.93,447.72,PAINT-595
2023-04-07,Brushes Set,Color Matching,Commercial,37.1,35.52,438.6,PAINT-654
2023-04-08,Glossy Enamel,Delivery,Residential,22.7,71.27,60.97,PAINT-353
2023-04-09,Brushes Set,None,Industrial,39.1,41.74,419.08,PAINT-297
2023-04-10,Brushes Set,None,Commercial,47.1,141.71,450.07,PAINT-143
2023-04-11,Glossy Enamel,Color Matching,Auto,20.3,51.9,539.17,PAINT-291
2023-04-12,Brushes Set,None,Auto,40.6,137.0,704.22,PAINT-210
2023-04-13,Custom Mix (Blue),Delivery,Commercial,31.9,67.69,253.2,PAINT-196
2023-04-14,Glossy Enamel,Color Matching,Auto,29.0,192.27,90.7,PAINT-106
2023-04-15,Custom Mix (Blue),Delivery,Commercial,32.8,51.08,210.87,PAINT-630
2023-04-16,Primer 5L,None,Residential,40.2,106.59,686.49,PAINT-528
2023-04-17,Glossy Enamel,In-home Consult,Auto,49.9,60.77,73.04,PAINT-756
2023-04-18,Glossy Enamel,Delivery,Commercial,41.8,27.12,733.38,PAINT-582
2023-04-19,Primer 5L,In-home Consult,Residential,29.6,138.57,620.76,PAINT-292
2023-04-20,Primer 5L,In-home Consult,Auto,49.7,173.84,274.18,PAINT-288
2023-04-21,Glossy Enamel,Color Matching,Auto,11.0,49.32,781.05,PAINT-969
2023-04-22,Glossy Enamel,Delivery,Auto,27.4,113.62,195.52,PAINT-786
2023-04-23,Matte White Base,Delivery,Residential,21.5,45.58,184.6,PAINT-373
2023-04-24,Brushes Set,Color Matching,Industrial,8.5,73.73,373.97,PAINT-991
2023-04-25,Custom Mix (Blue),Color Matching,Auto,33.3,14.26,424.4,PAINT-559
2023-04-26,Primer 5L,In-home Consult,Auto,17.3,144.58,272.44,PAINT-478
2023-04-27,Brushes Set,In-home Consult,Auto,19.8,177.04,619.76,PAINT-326
2023-04-28,Glossy Enamel,Color Matching,Auto,42.8,163.41,470.85,PAINT-363
2023-04-29,Glossy Enamel,Color Matching,Residential,2.2,148.03,341.7,PAINT-103
2023-04-30,Primer 5L,None,Industrial,37.8,55.87,139.17,PAINT-491
2023-05-01,Brushes Set,Delivery,Residential,18.4,39.58,442.71,PAINT-468
2023-05-02,Brushes Set,Color Matching,Residential,20.3,196.19,226.36,PAINT-187
2023-05-03,Glossy Enamel,None,Commercial,11.9,166.99,130.16,PAINT-546
2023-05-04,Primer 5L,In-home Consult,Commercial,11.3,53.05,481.3,PAINT-380
2023-05-05,Brushes Set,Color Matching,Commercial,17.3,191.72,687.49,PAINT-609
2023-05-06,Glossy Enamel,Color Matching,Commercial,33.5,159.43,507.0,PAINT-437
2023-05-07,Glossy Enamel,None,Auto,5.0,172.37,743.96,PAINT-360
2023-05-08,Primer 5L,None,Commercial,40.1,33.57,401.52,PAINT-107
2023-05-09,Primer 5L,None,Commercial,23.3,145.55,253.33,PAINT-752
2023-05-10,Primer 5L,Color Matching,Residential,30.8,149.88,60.97,PAINT-795
2023-05-11,Brushes Set,Color Matching,Residential,22.3,52.93,507.29,PAINT-179
2023-05-12,Matte White Base,In-home Consult,Industrial,22.6,140.79,477.59,PAINT-842
2023-05-13,Brushes Set,None,Residential,40.4,117.63,211.31,PAINT-557
2023-05-14,Primer 5L,None,Industrial,39.8,103.99,157.61,PAINT-724
2023-05-15,Brushes Set,Delivery,Auto,29.3,98.83,558.16,PAINT-858
2023-05-16,Glossy Enamel,In-home Consult,Auto,18.5,180.63,319.53,PAINT-572
2023-05-17,Primer 5L,In-home Consult,Auto,47.8,29.46,153.96,PAINT-227
2023-05-18,Brushes Set,None,Industrial,10.0,111.89,238.43,PAINT-602
2023-05-19,Glossy Enamel,In-home Consult,Residential,3.2,177.64,180.51,PAINT-916
2023-05-20,Primer 5L,None,Residential,7.4,107.37,443.31,PAINT-202
2023-05-21,Brushes Set,Color Matching,Industrial,39.3,185.96,128.43,PAINT-596
2023-05-22,Glossy Enamel,Delivery,Auto,11.9,194.59,297.93,PAINT-970
2023-05-23,Matte White Base,None,Industrial,11.2,163.71,604.89,PAINT-850
2023-05-24,Primer 5L,None,Residential,23.9,120.81,664.99,PAINT-345
2023-05-25,Primer 5L,Color Matching,Industrial,28.3,172.66,145.61,PAINT-889
2023-05-26,Primer 5L,Delivery,Industrial,1.3,159.88,211.82,PAINT-741
2023-05-27,Primer 5L,Color Matching,Industrial,14.9,67.4,85.0,PAINT-138
2023-05-28,Primer 5L,Color Matching,Industrial,49.9,77.23,224.57,PAINT-884
2023-05-29,Custom Mix (Blue),Color Matching,Industrial,15.4,117.39,566.51,PAINT-195
2023-05-30,Primer 5L,None,Residential,18.6,199.6,439.93,PAINT-177
2023-05-31,Glossy Enamel,None,Commercial,29.3,78.14,250.41,PAINT-450
2023-06-01,Custom Mix (Blue),Delivery,Auto,16.9,68.44,441.67,PAINT-282
2023-06-02,Matte White Base,None,Industrial,25.6,119.27,468.99,PAINT-941
2023-06-03,Brushes Set,Color Matching,Commercial,45.6,140.01,662.31,PAINT-908
2023-06-04,Primer 5L,In-home Consult,Auto,24.7,95.91,167.09,PAINT-700
2023-06-05,Brushes Set,Delivery,Residential,27.8,112.18,603.94,PAINT-931
2023-06-06,Brushes Set,Delivery,Commercial,42.3,40.07,536.29,PAINT-486
2023-06-07,Brushes Set,None,Auto,2.2,28.38,358.19,PAINT-431
2023-06-08,Custom Mix (Blue),Color Matching,Residential,39.1,169.89,210.71,PAINT-406
2023-06-09,Primer 5L,None,Commercial,14.3,70.74,291.68,PAINT-139
2023-06-10,Custom Mix (Blue),Delivery,Industrial,35.7,90.42,506.38,PAINT-591
2023-06-11,Custom Mix (Blue),None,Commercial,6.9,62.04,263.33,PAINT-394
2023-06-12,Primer 5L,Delivery,Commercial,4.3,125.88,438.76,PAINT-778
2023-06-13,Matte White Base,Color Matching,Industrial,14.6,150.61,626.26,PAINT-628
2023-06-14,Matte White Base,None,Residential,34.5,95.86,708.87,PAINT-629
2023-06-15,Glossy Enamel,Delivery,Industrial,11.6,62.0,582.91,PAINT-252
2023-06-16,Matte White Base,None,Auto,48.3,13.9,548.42,PAINT-430
2023-06-17,Primer 5L,Delivery,Residential,34.4,29.67,603.63,PAINT-575
2023-06-18,Matte White Base,Color Matching,Auto,1.3,43.86,218.7,PAINT-378
2023-06-19,Glossy Enamel,Delivery,Residential,30.6,153.46,57.36,PAINT-695
2023-06-20,Custom Mix (Blue),Color Matching,Auto,5.6,117.02,438.83,PAINT-533
2023-06-21,Brushes Set,Color Matching,Auto,23.1,42.75,475.66,PAINT-244
2023-06-22,Brushes Set,None,Auto,9.5,191.91,232.89,PAINT-176
2023-06-23,Matte White Base,In-home Consult,Industrial,15.0,138.47,270.97,PAINT-820
2023-06-24,Custom Mix (Blue),Color Matching,Industrial,45.7,84.3,611.8,PAINT-192
2023-06-25,Custom Mix (Blue),Color Matching,Residential,48.4,21.77,608.04,PAINT-632
2023-06-26,Matte White Base,In-home Consult,Residential,23.5,11.09,115.53,PAINT-161
2023-06-27,Custom Mix (Blue),In-home Consult,Residential,13.8,134.5,167.23,PAINT-746
2023-06-28,Brushes Set,Delivery,Industrial,41.9,93.07,239.39,PAINT-398
2023-06-29,Glossy Enamel,Delivery,Auto,24.3,117.19,688.5,PAINT-895
2023-06-30,Custom Mix (Blue),Delivery,Industrial,36.3,15.72,797.18,PAINT-440
2023-07-01,Custom Mix (Blue),Color Matching,Industrial,13.8,89.05,255.78,PAINT-446
2023-07-02,Brushes Set,None,Residential,12.6,114.23,752.65,PAINT-627
2023-07-03,Glossy Enamel,None,Commercial,19.3,185.77,171.2,PAINT-995
2023-07-04,Custom Mix (Blue),Delivery,Commercial,41.2,109.88,369.69,PAINT-538
2023-07-05,Matte White Base,In-home Consult,Residential,48.8,136.24,393.64,PAINT-930
2023-07-06,Matte White Base,Color Matching,Residential,13.4,163.1,674.4,PAINT-765
2023-07-07,Custom Mix (Blue),In-home Consult,Industrial,8.0,54.21,92.09,PAINT-598
2023-07-08,Brushes Set,None,Auto,10.1,133.14,550.25,PAINT-114
2023-07-09,Primer 5L,None,Commercial,23.5,146.88,197.14,PAINT-173
2023-07-10,Glossy Enamel,Delivery,Industrial,42.5,190.73,784.67,PAINT-434
2023-07-11,Primer 5L,None,Commercial,40.2,170.83,154.42,PAINT-367
2023-07-12,Glossy Enamel,Color Matching,Residential,25.1,16.72,318.89,PAINT-191
2023-07-13,Primer 5L,None,Industrial,33.0,173.39,609.6,PAINT-255
2023-07-14,Matte White Base,None,Auto,5.1,190.31,494.12,PAINT-809
2023-07-15,Glossy Enamel,None,Auto,10.8,171.34,325.6,PAINT-977
2023-07-16,Glossy Enamel,Delivery,Commercial,39.7,65.75,559.36,PAINT-911
2023-07-17,Glossy Enamel,In-home Consult,Auto,14.4,123.09,606.9,PAINT-480
2023-07-18,Glossy Enamel,None,Commercial,23.5,138.71,309.47,PAINT-176
2023-07-19,Glossy Enamel,Delivery,Industrial,34.3,14.96,727.4,PAINT-421
2023-07-20,Primer 5L,Delivery,Residential,21.3,184.0,558.86,PAINT-520
2023-07-21,Matte White Base,Delivery,Commercial,5.3,89.25,194.5,PAINT-117
2023-07-22,Matte White Base,Delivery,Residential,29.1,74.97,395.8,PAINT-229
2023-07-23,Primer 5L,Delivery,Commercial,44.9,197.61,401.67,PAINT-553
2023-07-24,Primer 5L,Color Matching,Residential,21.7,171.27,753.04,PAINT-860
2023-07-25,Brushes Set,Color Matching,Residential,3.5,166.42,206.7,PAINT-981
2023-07-26,Glossy Enamel,In-home Consult,Commercial,3.6,140.16,150.74,PAINT-105
2023-07-27,Glossy Enamel,None,Residential,32.4,104.77,333.41,PAINT-386
2023-07-28,Brushes Set,In-home Consult,Industrial,16.8,184.71,449.39,PAINT-610
2023-07-29,Matte White Base,Delivery,Residential,50.0,109.41,326.48,PAINT-540
2023-07-30,Brushes Set,Color Matching,Commercial,28.1,138.73,206.45,PAINT-707
2023-07-31,Brushes Set,None,Residential,19.3,38.16,665.17,PAINT-596
2023-08-01,Matte White Base,Delivery,Industrial,29.7,145.14,586.68,PAINT-512
2023-08-02,Matte White Base,None,Auto,31.0,195.23,314.59,PAINT-168
2023-08-03,Primer 5L,None,Industrial,39.2,39.29,763.81,PAINT-844
2023-08-04,Primer 5L,Delivery,Commercial,44.1,79.73,336.36,PAINT-600
2023-08-05,Matte White Base,In-home Consult,Industrial,26.4,91.16,544.82,PAINT-982
2023-08-06,Custom Mix (Blue),In-home Consult,Auto,12.6,162.28,124.08,PAINT-610
2023-08-07,Primer 5L,In-home Consult,Industrial,3.1,64.78,338.84,PAINT-617
2023-08-08,Primer 5L,None,Residential,30.5,178.14,366.04,PAINT-615
2023-08-09,Primer 5L,None,Industrial,3.2,166.12,653.71,PAINT-527
2023-08-10,Glossy Enamel,None,Auto,36.2,170.9,586.43,PAINT-460
2023-08-11,Matte White Base,Color Matching,Auto,28.8,96.07,343.56,PAINT-245
2023-08-12,Custom Mix (Blue),None,Industrial,21.9,177.33,656.04,PAINT-439
2023-08-13,Custom Mix (Blue),Color Matching,Residential,9.4,143.0,344.72,PAINT-571
2023-08-14,Custom Mix (Blue),In-home Consult,Residential,33.0,139.78,80.55,PAINT-934
2023-08-15,Primer 5L,In-home Consult,Auto,17.6,170.94,432.82,PAINT-947
2023-08-16,Primer 5L,Color Matching,Commercial,36.6,30.22,182.49,PAINT-394
2023-08-17,Brushes Set,Delivery,Commercial,5.3,133.28,412.89,PAINT-424
2023-08-18,Glossy Enamel,Color Matching,Commercial,11.8,142.07,56.35,PAINT-817
2023-08-19,Primer 5L,In-home Consult,Industrial,46.7,102.93,313.83,PAINT-602
2023-08-20,Brushes Set,In-home Consult,Auto,6.7,80.93,218.26,PAINT-848
2023-08-21,Brushes Set,In-home Consult,Auto,44.3,95.68,612.17,PAINT-133
2023-08-22,Matte White Base,Delivery,Industrial,21.0,26.15,113.35,PAINT-200
2023-08-23,Matte White Base,Color Matching,Residential,24.7,164.99,389.36,PAINT-220
2023-08-24,Custom Mix (Blue),Delivery,Residential,32.9,49.37,656.34,PAINT-208
2023-08-25,Brushes Set,Delivery,Commercial,26.5,74.66,640.68,PAINT-574
2023-08-26,Matte White Base,Delivery,Auto,21.7,21.82,390.96,PAINT-199
2023-08-27,Glossy Enamel,Color Matching,Commercial,8.2,70.13,608.47,PAINT-635
2023-08-28,Glossy Enamel,None,Commercial,4.0,135.23,549.36,PAINT-986
2023-08-29,Brushes Set,Delivery,Industrial,5.2,144.63,103.58,PAINT-174
2023-08-30,Matte White Base,In-home Consult,Residential,35.9,14.47,133.83,PAINT-449
2023-08-31,Glossy Enamel,None,Industrial,7.5,122.98,731.8,PAINT-891
2023-09-01,Matte White Base,Color Matching,Industrial,10.5,119.5,362.07,PAINT-105
2023-09-02,Brushes Set,None,Commercial,3.1,109.92,739.32,PAINT-356
2023-09-03,Primer 5L,None,Industrial,44.3,38.58,146.27,PAINT-611
2023-09-04,Glossy Enamel,In-home Consult,Commercial,17.7,140.91,69.76,PAINT-268
2023-09-05,Matte White Base,None,Commercial,19.8,173.05,424.51,PAINT-110
2023-09-06,Custom Mix (Blue),Delivery,Industrial,24.3,54.85,189.04,PAINT-833
2023-09-07,Brushes Set,None,Auto,27.8,128.54,658.85,PAINT-664
2023-09-08,Brushes Set,In-home Consult,Auto,27.1,85.78,596.77,PAINT-365
2023-09-09,Matte White Base,None,Industrial,36.3,123.27,304.51,PAINT-634
2023-09-10,Custom Mix (Blue),Color Matching,Industrial,14.4,175.54,546.35,PAINT-509
2023-09-11,Custom Mix (Blue),None,Industrial,18.1,170.19,335.96,PAINT-133
2023-09-12,Matte White Base,Color Matching,Industrial,8.9,38.09,160.24,PAINT-525
2023-09-13,Brushes Set,In-home Consult,Industrial,16.7,33.64,187.54,PAINT-612
2023-09-14,Primer 5L,Delivery,Industrial,33.9,104.65,246.89,PAINT-366
2023-09-15,Primer 5L,None,Industrial,5.5,195.41,172.61,PAINT-724
2023-09-16,Glossy Enamel,None,Industrial,19.3,165.35,394.62,PAINT-542
2023-09-17,Matte White Base,Delivery,Residential,31.9,138.99,653.37,PAINT-320
2023-09-18,Matte White Base,Color Matching,Auto,33.1,122.83,745.14,PAINT-222
2023-09-19,Custom Mix (Blue),None,Industrial,37.2,16.73,311.42,PAINT-172
2023-09-20,Matte White Base,Color Matching,Commercial,11.7,104.91,799.34,PAINT-313
2023-09-21,Matte White Base,Delivery,Industrial,49.9,130.48,116.8,PAINT-712
2023-09-22,Brushes Set,Delivery,Industrial,11.8,77.97,756.52,PAINT-178
2023-09-23,Custom Mix (Blue),Delivery,Industrial,21.0,153.97,230.92,PAINT-348
2023-09-24,Custom Mix (Blue),Color Matching,Commercial,27.8,56.68,57.92,PAINT-874
2023-09-25,Custom Mix (Blue),Delivery,Auto,12.0,72.23,117.04,PAINT-191
2023-09-26,Glossy Enamel,Delivery,Commercial,18.6,146.72,136.87,PAINT-581
2023-09-27,Matte White Base,None,Auto,16.4,130.23,221.58,PAINT-529
2023-09-28,Primer 5L,In-home Consult,Residential,2.4,38.05,368.63,PAINT-883
2023-09-29,Primer 5L,None,Commercial,21.2,25.09,499.77,PAINT-946
2023-09-30,Custom Mix (Blue),Color Matching,Industrial,17.9,91.47,421.48,PAINT-483
2023-10-01,Primer 5L,Color Matching,Industrial,26.1,147.98,346.33,PAINT-431
2023-10-02,Matte White Base,Color Matching,Commercial,45.4,55.25,317.01,PAINT-683
2023-10-03,Custom Mix (Blue),Color Matching,Auto,28.1,91.48,257.11,PAINT-925
2023-10-04,Brushes Set,Color Matching,Industrial,3.1,13.86,181.16,PAINT-584
2023-10-05,Glossy Enamel,None,Auto,7.1,163.36,706.43,PAINT-684
2023-10-06,Matte White Base,None,Industrial,20.0,60.09,543.91,PAINT-168
2023-10-07,Glossy Enamel,Color Matching,Residential,30.4,183.35,571.79,PAINT-343
2023-10-08,Glossy Enamel,Color Matching,Industrial,28.5,47.69,539.65,PAINT-251
2023-10-09,Primer 5L,In-home Consult,Residential,36.0,108.2,52.57,PAINT-996
2023-10-10,Custom Mix (Blue),In-home Consult,Residential,35.0,92.28,547.09,PAINT-481
2023-10-11,Custom Mix (Blue),Color Matching,Commercial,37.4,131.34,251.12,PAINT-994
2023-10-12,Custom Mix (Blue),Delivery,Auto,4.8,161.15,141.7,PAINT-768
2023-10-13,Custom Mix (Blue),None,Residential,32.9,89.2,466.95,PAINT-450
2023-10-14,Matte White Base,In-home Consult,Residential,34.7,48.98,401.76,PAINT-164
2023-10-15,Matte White Base,Color Matching,Auto,17.5,151.12,782.36,PAINT-214
2023-10-16,Glossy Enamel,In-home Consult,Industrial,11.8,19.37,618.1,PAINT-141
2023-10-17,Primer 5L,None,Residential,42.9,141.25,226.29,PAINT-223
2023-10-18,Custom Mix (Blue),In-home Consult,Industrial,8.6,94.77,148.56,PAINT-267
2023-10-19,Matte White Base,Delivery,Auto,4.9,136.65,121.12,PAINT-907
2023-10-20,Matte White Base,In-home Consult,Industrial,32.7,173.0,599.91,PAINT-240
2023-10-21,Glossy Enamel,Color Matching,Residential,23.4,84.39,205.58,PAINT-754
2023-10-22,Glossy Enamel,Color Matching,Commercial,40.3,94.69,140.15,PAINT-327
2023-10-23,Matte White Base,In-home Consult,Commercial,40.3,88.97,66.63,PAINT-108
2023-10-24,Glossy Enamel,Color Matching,Residential,39.0,162.97,361.25,PAINT-998
2023-10-25,Glossy Enamel,Delivery,Residential,37.9,23.33,778.4,PAINT-687
2023-10-26,Glossy Enamel,Color Matching,Auto,8.8,95.23,787.46,PAINT-546
2023-10-27,Matte White Base,Delivery,Industrial,26.7,91.33,662.65,PAINT-162
2023-10-28,Brushes Set,Delivery,Auto,12.1,11.51,73.83,PAINT-247
2023-10-29,Brushes Set,None,Auto,28.5,166.93,433.81,PAINT-388
2023-10-30,Custom Mix (Blue),Color Matching,Commercial,47.5,126.83,631.84,PAINT-409
2023-10-31,Brushes Set,Delivery,Auto,32.6,121.3,466.86,PAINT-758
2023-11-01,Glossy Enamel,In-home Consult,Commercial,1.4,150.28,163.22,PAINT-186
2023-11-02,Primer 5L,Delivery,Industrial,32.5,53.24,792.42,PAINT-583
2023-11-03,Matte White Base,Color Matching,Commercial,33.7,112.11,102.98,PAINT-909
2023-11-04,Matte White Base,In-home Consult,Auto,20.5,56.55,661.53,PAINT-447
2023-11-05,Matte White Base,Color Matching,Commercial,2.7,29.07,91.95,PAINT-954
2023-11-06,Matte White Base,In-home Consult,Auto,35.2,56.99,170.07,PAINT-839
2023-11-07,Glossy Enamel,Delivery,Residential,20.1,74.42,683.79,PAINT-975
2023-11-08,Primer 5L,In-home Consult,Commercial,27.3,26.92,527.11,PAINT-444
2023-11-09,Matte White Base,Delivery,Auto,25.7,187.7,216.58,PAINT-162
2023-11-10,Custom Mix (Blue),In-home Consult,Industrial,38.2,57.45,598.78,PAINT-396
2023-11-11,Matte White Base,Color Matching,Auto,44.9,34.67,424.81,PAINT-258
2023-11-12,Primer 5L,None,Commercial,15.0,179.37,568.39,PAINT-370
2023-11-13,Brushes Set,None,Commercial,32.1,115.23,478.95,PAINT-162
2023-11-14,Primer 5L,Delivery,Auto,37.3,156.42,674.63,PAINT-550
2023-11-15,Primer 5L,In-home Consult,Residential,49.8,33.19,646.13,PAINT-344
2023-11-16,Primer 5L,Color Matching,Residential,3.1,167.98,796.5,PAINT-944
2023-11-17,Custom Mix (Blue),Delivery,Residential,11.5,108.83,510.33,PAINT-560
2023-11-18,Matte White Base,Delivery,Auto,12.5,106.97,513.27,PAINT-799
2023-11-19,Matte White Base,In-home Consult,Industrial,46.6,196.52,695.43,PAINT-898
2023-11-20,Glossy Enamel,Delivery,Auto,12.8,185.45,89.55,PAINT-465
2023-11-21,Matte White Base,In-home Consult,Residential,8.1,38.84,311.61,PAINT-615
2023-11-22,Matte White Base,Color Matching,Industrial,7.6,195.88,135.1,PAINT-299
2023-11-23,Brushes Set,Delivery,Industrial,17.5,136.06,127.33,PAINT-401
2023-11-24,Brushes Set,None,Auto,14.2,122.31,401.6,PAINT-494
2023-11-25,Primer 5L,Color Matching,Industrial,14.4,167.32,370.26,PAINT-839
2023-11-26,Custom Mix (Blue),None,Residential,46.3,69.62,705.81,PAINT-612
2023-11-27,Brushes Set,Color Matching,Residential,44.1,131.8,479.79,PAINT-133
2023-11-28,Primer 5L,In-home Consult,Industrial,13.4,106.03,214.7,PAINT-953
2023-11-29,Brushes Set,Color Matching,Industrial,1.3,65.92,571.45,PAINT-230
2023-11-30,Brushes Set,Delivery,Commercial,16.1,146.17,95.28,PAINT-798
2023-12-01,Brushes Set,None,Commercial,33.6,101.1,259.36,PAINT-240
2023-12-02,Matte White Base,None,Auto,21.6,88.03,181.17,PAINT-346
2023-12-03,Custom Mix (Blue),Delivery,Auto,9.2,117.0,687.37,PAINT-126
2023-12-04,Primer 5L,None,Residential,37.8,134.39,740.43,PAINT-998
2023-12-05,Custom Mix (Blue),None,Commercial,22.7,97.35,577.56,PAINT-373
2023-12-06,Matte White Base,Color Matching,Industrial,44.0,117.5,569.91,PAINT-475
2023-12-07,Brushes Set,None,Residential,36.7,20.84,451.89,PAINT-600
2023-12-08,Glossy Enamel,Color Matching,Auto,47.1,179.49,283.12,PAINT-858
2023-12-09,Brushes Set,Delivery,Residential,9.2,36.39,517.37,PAINT-800
2023-12-10,Custom Mix (Blue),Color Matching,Residential,45.0,72.83,206.04,PAINT-219
2023-12-11,Custom Mix (Blue),Color Matching,Residential,18.6,75.01,133.56,PAINT-915
2023-12-12,Glossy Enamel,Delivery,Auto,45.7,181.89,420.47,PAINT-524
2023-12-13,Matte White Base,Color Matching,Auto,47.0,116.53,771.38,PAINT-618
2023-12-14,Glossy Enamel,None,Commercial,14.0,181.31,342.41,PAINT-867
2023-12-15,Brushes Set,Color Matching,Industrial,49.2,140.55,619.68,PAINT-235
2023-12-16,Matte White Base,None,Auto,35.7,189.43,736.28,PAINT-345
2023-12-17,Brushes Set,Color Matching,Residential,27.0,66.85,165.3,PAINT-918
2023-12-18,Custom Mix (Blue),In-home Consult,Residential,47.3,26.28,770.52,PAINT-836
2023-12-19,Matte White Base,None,Auto,30.7,12.69,350.83,PAINT-333
2023-12-20,Primer 5L,Delivery,Auto,47.2,24.68,96.34,PAINT-714
2023-12-21,Brushes Set,None,Residential,9.7,192.05,54.31,PAINT-605
2023-12-22,Primer 5L,Delivery,Commercial,32.6,146.33,492.52,PAINT-620
2023-12-23,Custom Mix (Blue),Delivery,Residential,41.4,173.98,141.81,PAINT-768
2023-12-24,Glossy Enamel,In-home Consult,Commercial,49.2,164.62,453.37,PAINT-991
2023-12-25,Brushes Set,None,Commercial,28.7,134.69,247.28,PAINT-355
2023-12-26,Custom Mix (Blue),Color Matching,Auto,39.3,95.8,117.91,PAINT-720
2023-12-27,Glossy Enamel,Delivery,Residential,27.4,175.25,82.76,PAINT-981
2023-12-28,Primer 5L,In-home Consult,Industrial,47.5,69.12,602.35,PAINT-455
2023-12-29,Primer 5L,Color Matching,Commercial,24.9,34.59,368.14,PAINT-108
2023-12-30,Primer 5L,Color Matching,Auto,30.5,42.44,243.48,PAINT-520
2023-12-31,Primer 5L,None,Commercial,33.7,160.92,671.17,PAINT-483
2024-01-01,Primer 5L,Delivery,Residential,20.6,198.94,146.1,PAINT-566
2024-01-02,Glossy Enamel,Color Matching,Residential,16.3,50.61,190.38,PAINT-110
2024-01-03,Glossy Enamel,Delivery,Residential,1.2,106.03,616.32,PAINT-431
2024-01-04,Glossy Enamel,In-home Consult,Industrial,23.2,108.0,488.76,PAINT-390
2024-01-05,Glossy Enamel,In-home Consult,Commercial,34.4,16.92,677.92,PAINT-383
2024-01-06,Glossy Enamel,None,Residential,32.4,126.54,185.47,PAINT-617
2024-01-07,Custom Mix (Blue),Delivery,Commercial,42.4,19.32,772.94,PAINT-678
2024-01-08,Matte White Base,None,Auto,49.3,42.76,757.21,PAINT-686
2024-01-09,Primer 5L,None,Commercial,13.9,91.09,106.51,PAINT-505
2024-01-10,Custom Mix (Blue),None,Commercial,31.1,93.2,272.99,PAINT-151
2024-01-11,Primer 5L,In-home Consult,Industrial,41.5,43.46,704.43,PAINT-887
2024-01-12,Brushes Set,None,Industrial,16.3,143.9,499.08,PAINT-628
2024-01-13,Brushes Set,None,Commercial,27.4,158.06,753.21,PAINT-786
2024-01-14,Glossy Enamel,Delivery,Commercial,31.7,96.08,430.57,PAINT-311
2024-01-15,Glossy Enamel,Color Matching,Industrial,24.1,157.22,428.21,PAINT-122
2024-01-16,Glossy Enamel,None,Residential,20.1,124.21,477.55,PAINT-426
2024-01-17,Brushes Set,Color Matching,Industrial,19.4,119.31,404.86,PAINT-859
2024-01-18,Glossy Enamel,In-home Consult,Auto,26.6,101.44,346.37,PAINT-782
2024-01-19,Primer 5L,Delivery,Residential,28.3,119.77,392.57,PAINT-930
2024-01-20,Glossy Enamel,Color Matching,Residential,17.5,10.24,737.38,PAINT-522
2024-01-21,Custom Mix (Blue),In-home Consult,Auto,28.6,29.31,369.2,PAINT-738
2024-01-22,Glossy Enamel,Color Matching,Industrial,28.4,125.68,334.99,PAINT-918
2024-01-23,Matte White Base,None,Residential,17.0,164.01,749.75,PAINT-993
2024-01-24,Primer 5L,Delivery,Residential,3.6,15.51,355.53,PAINT-518
2024-01-25,Primer 5L,Color Matching,Industrial,42.8,131.77,473.54,PAINT-996
2024-01-26,Matte White Base,None,Auto,43.3,69.5,272.85,PAINT-314
2024-01-27,Brushes Set,Delivery,Auto,27.7,186.22,731.92,PAINT-998
2024-01-28,Primer 5L,Delivery,Auto,27.2,29.41,74.57,PAINT-237
2024-01-29,Matte White Base,None,Commercial,1.1,102.46,413.24,PAINT-746
2024-01-30,Brushes Set,Color Matching,Industrial,40.7,113.85,341.36,PAINT-868
2024-01-31,Primer 5L,Delivery,Commercial,47.4,105.23,141.11,PAINT-619
2024-02-01,Primer 5L,Color Matching,Commercial,10.3,114.7,275.75,PAINT-817
2024-02-02,Matte White Base,None,Industrial,34.5,86.82,66.31,PAINT-693
2024-02-03,Matte White Base,In-home Consult,Commercial,38.3,59.28,749.56,PAINT-123
2024-02-04,Brushes Set,Color Matching,Residential,30.5,114.43,222.26,PAINT-942
2024-02-05,Brushes Set,Color Matching,Industrial,32.0,12.59,692.98,PAINT-366
2024-02-06,Matte White Base,None,Residential,49.1,28.77,282.46,PAINT-104
2024-02-07,Custom Mix (Blue),Color Matching,Commercial,42.2,68.2,68.7,PAINT-506
2024-02-08,Glossy Enamel,Delivery,Commercial,19.5,15.4,350.28,PAINT-669
2024-02-09,Glossy Enamel,In-home Consult,Auto,43.8,160.76,217.19,PAINT-545
2024-02-10,Matte White Base,In-home Consult,Industrial,9.0,17.37,297.83,PAINT-243
2024-02-11,Custom Mix (Blue),Color Matching,Auto,26.1,19.33,174.86,PAINT-762
2024-02-12,Primer 5L,Color Matching,Commercial,22.5,53.49,129.86,PAINT-230
2024-02-13,Matte White Base,Color Matching,Industrial,16.4,186.88,483.56,PAINT-611
2024-02-14,Primer 5L,None,Industrial,49.2,124.37,566.1,PAINT-231
2024-02-15,Brushes Set,Delivery,Industrial,39.6,31.95,794.23,PAINT-708
2024-02-16,Custom Mix (Blue),Color Matching,Residential,44.8,130.98,591.96,PAINT-744
2024-02-17,Matte White Base,Color Matching,Industrial,22.4,194.96,149.85,PAINT-523
2024-02-18,Custom Mix (Blue),In-home Consult,Commercial,22.7,111.67,438.65,PAINT-707
2024-02-19,Custom Mix (Blue),Color Matching,Industrial,37.2,93.25,507.59,PAINT-743
2024-02-20,Matte White Base,Color Matching,Commercial,7.4,47.54,637.88,PAINT-865
2024-02-21,Matte White Base,Color Matching,Residential,24.1,49.83,75.01,PAINT-129
2024-02-22,Primer 5L,None,Auto,6.2,81.58,542.2,PAINT-900
2024-02-23,Primer 5L,Color Matching,Residential,47.0,137.04,232.85,PAINT-669
2024-02-24,Primer 5L,Delivery,Residential,9.0,188.02,766.14,PAINT-567
2024-02-25,Brushes Set,None,Auto,20.4,166.6,415.37,PAINT-381
2024-02-26,Matte White Base,In-home Consult,Industrial,49.2,35.49,358.88,PAINT-552
2024-02-27,Glossy Enamel,None,Industrial,31.5,137.43,770.63,PAINT-886
2024-02-28,Brushes Set,Color Matching,Industrial,1.5,101.96,492.47,PAINT-699
2024-02-29,Brushes Set,Color Matching,Residential,4.6,64.96,124.84,PAINT-336
2024-03-01,Glossy Enamel,Delivery,Commercial,34.4,71.93,235.78,PAINT-508
2024-03-02,Glossy Enamel,Delivery,Industrial,8.2,45.89,580.0,PAINT-815
2024-03-03,Matte White Base,In-home Consult,Residential,13.6,142.45,278.99,PAINT-357
2024-03-04,Primer 5L,In-home Consult,Commercial,6.5,92.29,498.11,PAINT-624
2024-03-05,Glossy Enamel,In-home Consult,Commercial,45.9,173.13,476.51,PAINT-309
2024-03-06,Matte White Base,In-home Consult,Auto,11.2,10.56,387.24,PAINT-240
2024-03-07,Glossy Enamel,Delivery,Industrial,26.2,47.67,615.43,PAINT-278
2024-03-08,Brushes Set,None,Residential,24.7,172.37,541.41,PAINT-550
2024-03-09,Custom Mix (Blue),In-home Consult,Auto,4.0,116.4,242.64,PAINT-152
2024-03-10,Glossy Enamel,Color Matching,Residential,50.0,156.18,440.52,PAINT-110
2024-03-11,Matte White Base,None,Residential,10.7,35.75,71.48,PAINT-748
2024-03-12,Matte White Base,Color Matching,Industrial,36.4,60.35,433.12,PAINT-924
2024-03-13,Primer 5L,None,Residential,44.4,22.36,744.42,PAINT-570
2024-03-14,Matte White Base,None,Commercial,16.6,68.1,462.77,PAINT-619
2024-03-15,Primer 5L,In-home Consult,Residential,47.0,15.54,649.23,PAINT-543
2024-03-16,Glossy Enamel,Color Matching,Commercial,47.4,45.22,314.96,PAINT-871
2024-03-17,Matte White Base,Color Matching,Residential,8.4,166.43,166.1,PAINT-889
2024-03-18,Glossy Enamel,None,Residential,11.1,189.56,197.8,PAINT-746
2024-03-19,Primer 5L,Color Matching,Industrial,16.4,56.96,315.56,PAINT-660
2024-03-20,Primer 5L,Color Matching,Auto,47.0,121.68,436.33,PAINT-525
2024-03-21,Glossy Enamel,Delivery,Auto,16.7,150.31,514.19,PAINT-775
2024-03-22,Primer 5L,Color Matching,Auto,45.5,192.8,565.01,PAINT-697
2024-03-23,Matte White Base,Color Matching,Commercial,4.7,25.67,539.21,PAINT-128
2024-03-24,Matte White Base,Delivery,Industrial,8.3,32.79,188.29,PAINT-457
2024-03-25,Custom Mix (Blue),None,Auto,6.9,155.29,636.48,PAINT-902
2024-03-26,Brushes Set,Color Matching,Auto,48.9,192.78,715.1,PAINT-168
2024-03-27,Glossy Enamel,In-home Consult,Auto,12.3,24.42,700.93,PAINT-160
2024-03-28,Glossy Enamel,None,Commercial,28.3,125.34,608.34,PAINT-808
2024-03-29,Primer 5L,In-home Consult,Commercial,11.8,26.94,629.52,PAINT-926
2024-03-30,Brushes Set,Color Matching,Commercial,37.3,138.25,244.66,PAINT-991
2024-03-31,Brushes Set,Delivery,Residential,11.6,173.42,763.76,PAINT-389
2024-04-01,Matte White Base,Color Matching,Residential,31.2,22.26,493.62,PAINT-204
2024-04-02,Matte White Base,None,Industrial,45.7,92.66,597.98,PAINT-433
2024-04-03,Matte White Base,None,Residential,18.3,106.37,355.35,PAINT-915
2024-04-04,Brushes Set,In-home Consult,Commercial,45.6,71.18,410.05,PAINT-152
2024-04-05,Custom Mix (Blue),None,Residential,18.6,149.02,777.57,PAINT-261
2024-04-06,Custom Mix (Blue),Delivery,Industrial,16.1,59.42,300.15,PAINT-219
2024-04-07,Brushes Set,Color Matching,Auto,17.1,49.07,637.14,PAINT-119
2024-04-08,Glossy Enamel,In-home Consult,Commercial,22.9,32.87,290.38,PAINT-311
2024-04-09,Glossy Enamel,None,Commercial,15.7,51.91,512.02,PAINT-395
2024-04-10,Primer 5L,None,Commercial,23.8,171.32,792.24,PAINT-520
2024-04-11,Brushes Set,In-home Consult,Industrial,45.7,69.89,54.2,PAINT-660
2024-04-12,Matte White Base,Color Matching,Commercial,3.2,182.36,658.52,PAINT-994
2024-04-13,Glossy Enamel,Delivery,Residential,40.2,43.04,752.45,PAINT-233
2024-04-14,Matte White Base,Delivery,Industrial,35.9,17.11,717.09,PAINT-995
2024-04-15,Glossy Enamel,Color Matching,Commercial,39.3,155.18,362.37,PAINT-354
2024-04-16,Primer 5L,Color Matching,Auto,9.3,25.3,523.15,PAINT-652
2024-04-17,Matte White Base,Color Matching,Auto,32.4,176.68,109.53,PAINT-501
2024-04-18,Custom Mix (Blue),None,Residential,11.2,141.41,351.35,PAINT-467
2024-04-19,Custom Mix (Blue),Color Matching,Auto,12.1,103.73,393.1,PAINT-656
2024-04-20,Matte White Base,In-home Consult,Industrial,2.8,112.44,274.74,PAINT-267
2024-04-21,Brushes Set,Delivery,Industrial,20.9,24.41,133.62,PAINT-905
2024-04-22,Primer 5L,Color Matching,Residential,48.5,190.98,78.26,PAINT-791
2024-04-23,Primer 5L,None,Residential,41.7,184.57,279.34,PAINT-217
2024-04-24,Custom Mix (Blue),In-home Consult,Auto,6.9,112.09,799.74,PAINT-135
2024-04-25,Primer 5L,In-home Consult,Residential,26.5,65.26,365.54,PAINT-406
2024-04-26,Brushes Set,In-home Consult,Auto,15.9,80.03,247.43,PAINT-598
2024-04-27,Glossy Enamel,None,Commercial,30.2,192.92,658.8,PAINT-319
2024-04-28,Primer 5L,Delivery,Auto,7.8,149.07,395.55,PAINT-304
2024-04-29,Custom Mix (Blue),None,Commercial,43.1,96.84,366.68,PAINT-349
2024-04-30,Glossy Enamel,In-home Consult,Industrial,11.1,182.72,388.02,PAINT-378
2024-05-01,Primer 5L,In-home Consult,Commercial,11.7,47.16,202.67,PAINT-455
2024-05-02,Custom Mix (Blue),None,Residential,40.0,93.69,745.76,PAINT-370
2024-05-03,Matte White Base,Delivery,Commercial,43.8,74.62,584.27,PAINT-128
2024-05-04,Custom Mix (Blue),In-home Consult,Commercial,49.4,109.28,87.78,PAINT-203
2024-05-05,Matte White Base,Color Matching,Commercial,23.2,54.74,609.1,PAINT-390
2024-05-06,Primer 5L,None,Auto,26.1,182.98,105.98,PAINT-466
2024-05-07,Brushes Set,Color Matching,Commercial,17.0,144.35,618.59,PAINT-304
2024-05-08,Brushes Set,In-home Consult,Commercial,11.0,194.86,751.64,PAINT-926
2024-05-09,Glossy Enamel,Color Matching,Auto,15.0,82.98,188.8,PAINT-212
2024-05-10,Brushes Set,Delivery,Residential,36.4,167.72,252.48,PAINT-197
2024-05-11,Primer 5L,Delivery,Auto,20.2,20.13,645.48,PAINT-648
2024-05-12,Matte White Base,Delivery,Residential,13.5,99.45,409.7,PAINT-112
2024-05-13,Matte White Base,Color Matching,Industrial,33.2,94.69,722.49,PAINT-402
2024-05-14,Primer 5L,Delivery,Auto,23.3,129.56,235.39,PAINT-925
2024-05-15,Matte White Base,None,Industrial,13.3,118.44,209.82,PAINT-804
2024-05-16,Glossy Enamel,None,Commercial,49.3,14.87,546.07,PAINT-513
2024-05-17,Brushes Set,None,Residential,21.9,82.59,759.7,PAINT-429
2024-05-18,Primer 5L,Color Matching,Auto,49.0,43.63,632.76,PAINT-526
2024-05-19,Brushes Set,None,Commercial,29.8,33.38,269.34,PAINT-981
2024-05-20,Brushes Set,None,Residential,31.4,169.98,789.06,PAINT-387
2024-05-21,Custom Mix (Blue),Color Matching,Auto,36.2,166.66,450.27,PAINT-364
2024-05-22,Matte White Base,Delivery,Residential,31.7,195.94,473.35,PAINT-659
2024-05-23,Glossy Enamel,In-home Consult,Auto,21.1,193.76,477.08,PAINT-669
2024-05-24,Primer 5L,Delivery,Residential,25.2,130.2,790.25,PAINT-323
2024-05-25,Glossy Enamel,Delivery,Residential,42.1,155.36,503.84,PAINT-428
2024-05-26,Glossy Enamel,None,Residential,26.9,188.85,497.39,PAINT-624
2024-05-27,Brushes Set,Color Matching,Industrial,42.3,34.06,186.03,PAINT-470
2024-05-28,Custom Mix (Blue),Delivery,Commercial,24.4,57.19,253.42,PAINT-565
2024-05-29,Custom Mix (Blue),None,Industrial,27.0,86.64,223.42,PAINT-204
2024-05-30,Matte White Base,None,Commercial,9.0,42.05,340.51,PAINT-658
2024-05-31,Matte White Base,None,Industrial,35.3,184.49,670.69,PAINT-243
2024-06-01,Primer 5L,Delivery,Industrial,20.7,189.49,521.21,PAINT-448
2024-06-02,Brushes Set,Color Matching,Auto,1.6,171.09,132.31,PAINT-956
2024-06-03,Primer 5L,Color Matching,Residential,18.2,23.38,201.38,PAINT-571
2024-06-04,Brushes Set,Color Matching,Industrial,41.7,90.63,562.7,PAINT-961
2024-06-05,Matte White Base,None,Industrial,48.0,184.12,758.6,PAINT-567
2024-06-06,Matte White Base,In-home Consult,Commercial,33.3,63.21,711.35,PAINT-302
2024-06-07,Primer 5L,Color Matching,Industrial,44.0,177.66,164.59,PAINT-469
2024-06-08,Brushes Set,Color Matching,Commercial,26.9,155.51,549.86,PAINT-929
2024-06-09,Custom Mix (Blue),Delivery,Industrial,18.5,153.52,560.64,PAINT-275
2024-06-10,Matte White Base,In-home Consult,Residential,8.9,24.97,99.44,PAINT-837
2024-06-11,Matte White Base,Color Matching,Auto,48.6,60.06,726.32,PAINT-889
2024-06-12,Matte White Base,None,Industrial,43.6,166.15,356.35,PAINT-421
2024-06-13,Brushes Set,None,Commercial,46.5,90.35,303.97,PAINT-356
2024-06-14,Matte White Base,None,Industrial,31.9,63.32,526.29,PAINT-591
2024-06-15,Glossy Enamel,Color Matching,Commercial,22.7,165.29,455.76,PAINT-941
2024-06-16,Brushes Set,None,Auto,21.3,161.36,623.43,PAINT-682
2024-06-17,Matte White Base,Color Matching,Industrial,43.8,119.86,637.81,PAINT-628
2024-06-18,Brushes Set,Delivery,Auto,7.5,57.9,782.32,PAINT-819
2024-06-19,Glossy Enamel,Color Matching,Auto,6.9,144.53,567.69,PAINT-319
2024-06-20,Matte White Base,Color Matching,Auto,40.0,42.25,628.71,PAINT-912
2024-06-21,Matte White Base,Color Matching,Commercial,42.3,139.66,504.04,PAINT-636
2024-06-22,Brushes Set,Delivery,Industrial,36.0,89.97,555.87,PAINT-760
2024-06-23,Matte White Base,Delivery,Industrial,24.4,94.49,415.42,PAINT-409
2024-06-24,Matte White Base,Color Matching,Residential,42.3,38.5,432.26,PAINT-300
2024-06-25,Primer 5L,In-home Consult,Commercial,39.3,87.92,142.13,PAINT-456
2024-06-26,Glossy Enamel,In-home Consult,Commercial,23.8,195.68,109.37,PAINT-593
2024-06-27,Brushes Set,None,Auto,10.5,162.92,53.3,PAINT-206
2024-06-28,Glossy Enamel,In-home Consult,Commercial,11.8,23.45,207.16,PAINT-159
2024-06-29,Brushes Set,Color Matching,Industrial,47.6,88.64,324.16,PAINT-780
2024-06-30,Brushes Set,Delivery,Residential,13.9,123.41,713.96,PAINT-372
2024-07-01,Glossy Enamel,Color Matching,Industrial,46.7,75.64,385.93,PAINT-247
2024-07-02,Custom Mix (Blue),Color Matching,Auto,3.6,67.29,122.58,PAINT-472
2024-07-03,Glossy Enamel,Delivery,Residential,9.4,99.06,746.57,PAINT-698
2024-07-04,Custom Mix (Blue),None,Commercial,38.8,91.18,110.21,PAINT-718
2024-07-05,Glossy Enamel,Color Matching,Residential,48.3,17.52,258.6,PAINT-967
2024-07-06,Matte White Base,In-home Consult,Commercial,37.6,51.68,781.54,PAINT-614
2024-07-07,Primer 5L,Color Matching,Commercial,4.8,180.03,195.21,PAINT-278
2024-07-08,Glossy Enamel,None,Auto,36.2,82.17,104.66,PAINT-766
2024-07-09,Matte White Base,In-home Consult,Commercial,38.5,59.78,321.04,PAINT-349
2024-07-10,Matte White Base,None,Residential,14.0,149.35,233.14,PAINT-307
2024-07-11,Primer 5L,In-home Consult,Residential,43.0,173.59,591.47,PAINT-229
2024-07-12,Brushes Set,None,Industrial,26.7,47.55,304.63,PAINT-259
2024-07-13,Glossy Enamel,Delivery,Residential,42.2,11.93,626.3,PAINT-799
2024-07-14,Custom Mix (Blue),None,Industrial,24.0,95.52,76.23,PAINT-112
2024-07-15,Custom Mix (Blue),Delivery,Auto,35.7,56.59,546.16,PAINT-603
2024-07-16,Primer 5L,Delivery,Commercial,25.0,196.53,526.06,PAINT-583
2024-07-17,Custom Mix (Blue),None,Industrial,5.6,158.36,489.43,PAINT-235
2024-07-18,Primer 5L,None,Commercial,42.8,197.84,129.72,PAINT-261
2024-07-19,Glossy Enamel,Delivery,Industrial,45.3,192.27,388.73,PAINT-892
2024-07-20,Custom Mix (Blue),None,Residential,5.0,189.8,700.98,PAINT-524
2024-07-21,Primer 5L,None,Industrial,1.1,164.96,62.32,PAINT-871
2024-07-22,Glossy Enamel,None,Auto,49.1,156.39,54.94,PAINT-541
2024-07-23,Brushes Set,In-home Consult,Auto,6.7,163.51,338.85,PAINT-679
2024-07-24,Custom Mix (Blue),None,Commercial,30.7,20.92,463.69,PAINT-753
2024-07-25,Glossy Enamel,Color Matching,Residential,47.8,49.76,706.0,PAINT-884
2024-07-26,Matte White Base,In-home Consult,Auto,30.7,117.57,393.64,PAINT-337
2024-07-27,Custom Mix (Blue),In-home Consult,Residential,49.3,105.01,184.31,PAINT-863
2024-07-28,Glossy Enamel,None,Auto,5.9,116.74,343.94,PAINT-161
2024-07-29,Brushes Set,Color Matching,Industrial,22.8,198.76,212.3,PAINT-319
2024-07-30,Primer 5L,Color Matching,Residential,2.8,187.67,189.31,PAINT-644
2024-07-31,Brushes Set,Color Matching,Industrial,4.2,183.04,455.16,PAINT-291
2024-08-01,Glossy Enamel,Color Matching,Commercial,41.9,100.24,162.2,PAINT-139
2024-08-02,Glossy Enamel,Delivery,Auto,32.9,30.53,374.36,PAINT-548
2024-08-03,Custom Mix (Blue),None,Residential,8.4,108.71,323.73,PAINT-124
2024-08-04,Matte White Base,Color Matching,Commercial,49.5,46.57,583.57,PAINT-818
2024-08-05,Primer 5L,None,Auto,19.4,142.92,157.49,PAINT-771
2024-08-06,Primer 5L,Delivery,Industrial,46.1,101.99,109.9,PAINT-974
2024-08-07,Brushes Set,Delivery,Commercial,33.8,60.95,751.59,PAINT-214
2024-08-08,Primer 5L,Color Matching,Auto,32.4,92.46,760.56,PAINT-481
2024-08-09,Matte White Base,In-home Consult,Industrial,39.3,81.82,437.65,PAINT-578
2024-08-10,Primer 5L,Color Matching,Industrial,13.9,76.74,488.91,PAINT-794
2024-08-11,Matte White Base,In-home Consult,Auto,3.5,135.72,665.84,PAINT-140
2024-08-12,Brushes Set,Color Matching,Industrial,25.5,81.59,728.93,PAINT-705
2024-08-13,Custom Mix (Blue),None,Commercial,10.9,135.93,541.98,PAINT-119
2024-08-14,Brushes Set,Color Matching,Residential,8.1,28.68,701.94,PAINT-338
2024-08-15,Glossy Enamel,None,Industrial,33.4,149.16,702.05,PAINT-444
2024-08-16,Brushes Set,Color Matching,Residential,21.2,158.43,563.53,PAINT-343
2024-08-17,Custom Mix (Blue),In-home Consult,Residential,19.1,19.95,577.66,PAINT-322
2024-08-18,Brushes Set,In-home Consult,Industrial,19.6,20.44,321.62,PAINT-333
2024-08-19,Brushes Set,In-home Consult,Industrial,49.7,160.06,212.6,PAINT-228
2024-08-20,Custom Mix (Blue),Delivery,Residential,12.7,192.0,435.32,PAINT-905
2024-08-21,Primer 5L,None,Auto,40.0,198.0,475.76,PAINT-484
2024-08-22,Custom Mix (Blue),Color Matching,Commercial,4.8,30.76,518.19,PAINT-132
2024-08-23,Matte White Base,Color Matching,Commercial,30.2,22.27,108.0,PAINT-238
2024-08-24,Matte White Base,None,Residential,3.0,87.29,532.61,PAINT-508
2024-08-25,Brushes Set,Color Matching,Commercial,9.8,188.7,743.12,PAINT-237
2024-08-26,Primer 5L,None,Commercial,46.2,155.27,608.17,PAINT-672
2024-08-27,Custom Mix (Blue),Color Matching,Residential,1.5,82.35,699.96,PAINT-234
2024-08-28,Glossy Enamel,In-home Consult,Industrial,1.3,169.73,297.14,PAINT-303
2024-08-29,Glossy Enamel,None,Residential,5.8,24.02,208.78,PAINT-684
2024-08-30,Custom Mix (Blue),None,Industrial,10.1,146.34,751.35,PAINT-627
2024-08-31,Brushes Set,Color Matching,Residential,40.6,15.07,773.07,PAINT-463
2024-09-01,Custom Mix (Blue),None,Auto,28.2,180.57,583.76,PAINT-478
2024-09-02,Brushes Set,Color Matching,Commercial,17.5,132.38,334.75,PAINT-570
2024-09-03,Glossy Enamel,In-home Consult,Auto,10.9,62.27,520.05,PAINT-789
2024-09-04,Brushes Set,Color Matching,Auto,49.0,86.03,612.59,PAINT-991
2024-09-05,Primer 5L,Color Matching,Industrial,24.7,87.74,93.4,PAINT-731
2024-09-06,Brushes Set,Color Matching,Commercial,44.7,123.05,351.44,PAINT-512
2024-09-07,Primer 5L,In-home Consult,Auto,18.3,107.45,295.37,PAINT-763
2024-09-08,Matte White Base,Color Matching,Commercial,2.2,106.26,322.24,PAINT-915
2024-09-09,Glossy Enamel,Color Matching,Commercial,7.6,120.04,697.21,PAINT-472
2024-09-10,Glossy Enamel,None,Industrial,33.2,199.52,596.1,PAINT-990
2024-09-11,Primer 5L,Color Matching,Auto,29.7,46.4,337.5,PAINT-986
2024-09-12,Matte White Base,None,Auto,16.7,64.55,175.98,PAINT-142
2024-09-13,Primer 5L,In-home Consult,Residential,25.5,50.32,639.57,PAINT-691
2024-09-14,Custom Mix (Blue),Delivery,Commercial,24.1,158.56,722.59,PAINT-713
2024-09-15,Matte White Base,None,Commercial,29.9,70.52,401.79,PAINT-554
2024-09-16,Matte White Base,None,Industrial,18.4,184.88,63.63,PAINT-664
2024-09-17,Matte White Base,Delivery,Industrial,41.6,187.93,524.86,PAINT-513
2024-09-18,Brushes Set,In-home Consult,Commercial,7.4,60.04,252.97,PAINT-510
2024-09-19,Custom Mix (Blue),In-home Consult,Industrial,6.6,162.16,708.67,PAINT-449
2024-09-20,Matte White Base,In-home Consult,Industrial,8.8,27.93,154.46,PAINT-420
2024-09-21,Primer 5L,Color Matching,Commercial,15.1,155.26,767.37,PAINT-305
2024-09-22,Brushes Set,Delivery,Commercial,5.7,187.57,522.56,PAINT-287
2024-09-23,Glossy Enamel,Color Matching,Commercial,16.7,55.46,139.99,PAINT-373
2024-09-24,Custom Mix (Blue),None,Residential,12.4,144.95,469.52,PAINT-145
2024-09-25,Brushes Set,None,Commercial,46.4,81.99,160.84,PAINT-885
2024-09-26,Brushes Set,Color Matching,Auto,47.2,105.35,216.89,PAINT-714
2024-09-27,Primer 5L,None,Commercial,26.2,82.53,548.36,PAINT-509
2024-09-28,Primer 5L,Color Matching,Auto,19.0,60.59,780.52,PAINT-145
2024-09-29,Matte White Base,In-home Consult,Industrial,27.7,194.39,526.72,PAINT-375
2024-09-30,Brushes Set,In-home Consult,Residential,29.5,172.29,79.33,PAINT-800
2024-10-01,Custom Mix (Blue),In-home Consult,Auto,20.3,145.02,74.33,PAINT-996
2024-10-02,Custom Mix (Blue),Color Matching,Industrial,3.3,103.43,126.71,PAINT-393
2024-10-03,Custom Mix (Blue),Color Matching,Residential,7.3,123.51,451.58,PAINT-559
2024-10-04,Matte White Base,Color Matching,Auto,21.7,54.89,668.71,PAINT-265
2024-10-05,Matte White Base,None,Industrial,19.1,88.48,380.93,PAINT-530
2024-10-06,Custom Mix (Blue),Color Matching,Industrial,1.6,158.21,717.59,PAINT-268
2024-10-07,Brushes Set,Delivery,Industrial,35.9,141.23,779.31,PAINT-184
2024-10-08,Custom Mix (Blue),None,Industrial,21.3,122.61,219.83,PAINT-750
2024-10-09,Glossy Enamel,None,Commercial,14.2,156.96,210.31,PAINT-952
2024-10-10,Brushes Set,Delivery,Auto,47.2,24.73,666.54,PAINT-827
2024-10-11,Primer 5L,Color Matching,Residential,49.0,100.21,452.61,PAINT-199
2024-10-12,Brushes Set,In-home Consult,Residential,3.3,164.05,679.55,PAINT-902
2024-10-13,Primer 5L,Delivery,Commercial,44.8,119.97,475.02,PAINT-511
2024-10-14,Brushes Set,Color Matching,Industrial,15.4,99.26,552.38,PAINT-300
2024-10-15,Brushes Set,In-home Consult,Auto,20.3,24.54,533.03,PAINT-496
2024-10-16,Primer 5L,None,Commercial,33.4,112.78,311.42,PAINT-368
2024-10-17,Primer 5L,Delivery,Industrial,44.9,133.94,316.16,PAINT-429
2024-10-18,Custom Mix (Blue),Delivery,Industrial,8.4,22.73,72.29,PAINT-848
2024-10-19,Matte White Base,In-home Consult,Auto,6.0,188.25,499.68,PAINT-502
2024-10-20,Primer 5L,None,Auto,23.5,81.68,245.04,PAINT-797
2024-10-21,Custom Mix (Blue),Color Matching,Auto,2.2,152.8,234.31,PAINT-891
2024-10-22,Matte White Base,In-home Consult,Commercial,12.9,103.66,495.19,PAINT-908
2024-10-23,Matte White Base,Delivery,Residential,13.0,191.04,589.15,PAINT-479
2024-10-24,Primer 5L,In-home Consult,Residential,26.9,81.77,224.71,PAINT-872
2024-10-25,Matte White Base,Delivery,Residential,38.0,100.7,62.5,PAINT-632
2024-10-26,Custom Mix (Blue),None,Auto,28.2,138.94,478.07,PAINT-231
2024-10-27,Custom Mix (Blue),Delivery,Commercial,9.7,157.82,463.16,PAINT-954
2024-10-28,Brushes Set,In-home Consult,Auto,23.7,55.54,466.28,PAINT-239
2024-10-29,Custom Mix (Blue),Color Matching,Residential,15.7,93.57,566.92,PAINT-154
2024-10-30,Primer 5L,Delivery,Commercial,36.3,169.48,543.16,PAINT-665
2024-10-31,Primer 5L,In-home Consult,Auto,35.0,87.46,726.12,PAINT-146
2024-11-01,Custom Mix (Blue),None,Auto,29.1,10.24,364.4,PAINT-955
2024-11-02,Brushes Set,Color Matching,Industrial,17.5,16.09,67.73,PAINT-880
2024-11-03,Glossy Enamel,In-home Consult,Auto,12.4,151.48,210.14,PAINT-929
2024-11-04,Brushes Set,Delivery,Industrial,9.0,165.36,266.53,PAINT-620
2024-11-05,Brushes Set,Color Matching,Commercial,37.2,115.0,688.01,PAINT-286
2024-11-06,Glossy Enamel,None,Commercial,41.0,111.4,356.59,PAINT-312
2024-11-07,Custom Mix (Blue),None,Auto,13.6,32.08,146.14,PAINT-745
2024-11-08,Matte White Base,Color Matching,Industrial,45.3,88.76,173.3,PAINT-729
2024-11-09,Brushes Set,In-home Consult,Auto,2.2,13.91,363.63,PAINT-447
2024-11-10,Custom Mix (Blue),Color Matching,Industrial,1.3,190.67,771.19,PAINT-526
2024-11-11,Matte White Base,None,Residential,6.0,13.99,397.87,PAINT-919
2024-11-12,Custom Mix (Blue),In-home Consult,Industrial,19.1,197.03,112.58,PAINT-889
2024-11-13,Matte White Base,In-home Consult,Commercial,11.7,157.75,456.18,PAINT-174
2024-11-14,Brushes Set,Delivery,Residential,20.2,114.93,96.08,PAINT-168
2024-11-15,Glossy Enamel,Color Matching,Residential,35.4,102.85,124.65,PAINT-536
2024-11-16,Primer 5L,In-home Consult,Commercial,16.5,197.97,720.03,PAINT-842
2024-11-17,Matte White Base,Color Matching,Auto,43.5,106.83,372.07,PAINT-674
2024-11-18,Brushes Set,Delivery,Commercial,1.1,113.11,520.79,PAINT-622
2024-11-19,Glossy Enamel,Color Matching,Auto,20.2,159.22,401.05,PAINT-210
2024-11-20,Custom Mix (Blue),Color Matching,Commercial,1.1,115.55,768.77,PAINT-645
2024-11-21,Glossy Enamel,Delivery,Commercial,42.1,37.21,560.72,PAINT-707
2024-11-22,Glossy Enamel,Color Matching,Auto,38.9,136.9,622.23,PAINT-125
2024-11-23,Matte White Base,In-home Consult,Industrial,41.8,27.83,673.06,PAINT-685
2024-11-24,Glossy Enamel,None,Commercial,48.8,81.04,347.44,PAINT-393
2024-11-25,Primer 5L,Color Matching,Commercial,23.5,199.02,655.48,PAINT-264
2024-11-26,Custom Mix (Blue),Color Matching,Residential,23.8,143.08,395.05,PAINT-285
2024-11-27,Matte White Base,In-home Consult,Residential,45.7,77.16,325.53,PAINT-102
2024-11-28,Glossy Enamel,In-home Consult,Residential,4.7,190.51,491.71,PAINT-779
2024-11-29,Glossy Enamel,None,Commercial,8.7,67.4,245.01,PAINT-859
2024-11-30,Custom Mix (Blue),Color Matching,Commercial,8.6,95.3,568.26,PAINT-309
2024-12-01,Custom Mix (Blue),In-home Consult,Residential,48.1,154.56,298.44,PAINT-220
2024-12-02,Brushes Set,In-home Consult,Auto,8.5,76.15,534.26,PAINT-151
2024-12-03,Matte White Base,None,Residential,22.5,96.61,676.63,PAINT-233
2024-12-04,Custom Mix (Blue),Color Matching,Commercial,13.2,159.31,575.16,PAINT-161
2024-12-05,Custom Mix (Blue),Delivery,Commercial,12.2,27.73,752.94,PAINT-595
2024-12-06,Brushes Set,Delivery,Residential,24.0,38.55,284.48,PAINT-968
2024-12-07,Matte White Base,Delivery,Commercial,48.5,135.39,630.26,PAINT-518
2024-12-08,Primer 5L,Color Matching,Commercial,6.6,63.73,78.21,PAINT-708
2024-12-09,Custom Mix (Blue),In-home Consult,Residential,33.3,106.75,546.78,PAINT-269
2024-12-10,Matte White Base,Color Matching,Residential,26.2,76.64,313.16,PAINT-749
2024-12-11,Brushes Set,Delivery,Residential,46.6,55.06,594.19,PAINT-903
2024-12-12,Primer 5L,None,Residential,1.2,30.1,389.39,PAINT-211
2024-12-13,Brushes Set,Color Matching,Auto,36.6,69.23,716.81,PAINT-475
2024-12-14,Custom Mix (Blue),None,Auto,28.0,16.67,600.41,PAINT-697
2024-12-15,Matte White Base,In-home Consult,Auto,40.0,172.84,241.41,PAINT-668
2024-12-16,Custom Mix (Blue),Color Matching,Industrial,49.0,135.67,236.06,PAINT-890
2024-12-17,Custom Mix (Blue),Delivery,Commercial,29.6,88.51,589.13,PAINT-649
2024-12-18,Matte White Base,None,Industrial,34.5,45.91,181.15,PAINT-622
2024-12-19,Custom Mix (Blue),In-home Consult,Auto,1.7,88.51,364.22,PAINT-204
2024-12-20,Matte White Base,None,Auto,35.5,159.5,724.13,PAINT-788
2024-12-21,Matte White Base,Delivery,Auto,6.2,52.55,645.39,PAINT-278
2024-12-22,Glossy Enamel,None,Commercial,35.9,77.54,127.53,PAINT-749
2024-12-23,Brushes Set,Color Matching,Residential,32.1,187.03,504.16,PAINT-453
2024-12-24,Primer 5L,In-home Consult,Commercial,37.9,15.51,206.44,PAINT-680
2024-12-25,Matte White Base,None,Residential,42.9,74.88,480.88,PAINT-650
2024-12-26,Primer 5L,In-home Consult,Industrial,19.6,52.14,389.62,PAINT-513
2024-12-27,Glossy Enamel,Color Matching,Auto,29.6,73.75,530.1,PAINT-291
2024-12-28,Primer 5L,Delivery,Residential,34.3,168.39,425.7,PAINT-310
2024-12-29,Matte White Base,Delivery,Industrial,35.9,159.82,277.65,PAINT-246
2024-12-30,Brushes Set,Delivery,Auto,28.7,173.05,129.47,PAINT-967
2024-12-31,Matte White Base,Delivery,Industrial,13.1,110.23,431.81,PAINT-865
2025-01-01,Brushes Set,None,Auto,48.7,65.01,794.49,PAINT-185
2025-01-02,Glossy Enamel,In-home Consult,Commercial,34.6,121.9,338.91,PAINT-951
2025-01-03,Matte White Base,None,Industrial,26.1,51.1,488.41,PAINT-582
2025-01-04,Glossy Enamel,In-home Consult,Industrial,32.3,103.55,408.95,PAINT-469
2025-01-05,Primer 5L,Delivery,Commercial,28.4,13.0,551.02,PAINT-472
2025-01-06,Matte White Base,Color Matching,Industrial,24.2,167.5,119.35,PAINT-674
2025-01-07,Primer 5L,None,Residential,29.1,169.44,101.81,PAINT-760
2025-01-08,Glossy Enamel,Delivery,Industrial,33.5,198.49,233.69,PAINT-931
2025-01-09,Primer 5L,Delivery,Residential,18.8,64.95,438.52,PAINT-641
2025-01-10,Brushes Set,Delivery,Commercial,3.1,94.37,679.62,PAINT-193
2025-01-11,Primer 5L,In-home Consult,Residential,47.6,151.03,187.07,PAINT-127
2025-01-12,Matte White Base,None,Residential,48.7,150.69,106.93,PAINT-108
2025-01-13,Brushes Set,None,Industrial,28.3,78.66,590.27,PAINT-107
2025-01-14,Brushes Set,None,Residential,27.7,184.48,541.85,PAINT-603
2025-01-15,Matte White Base,None,Industrial,40.7,75.99,645.35,PAINT-914
2025-01-16,Primer 5L,None,Auto,13.5,117.69,122.51,PAINT-250
2025-01-17,Custom Mix (Blue),None,Auto,37.2,69.51,398.26,PAINT-582
2025-01-18,Matte White Base,In-home Consult,Industrial,30.4,120.59,67.08,PAINT-707
2025-01-19,Primer 5L,In-home Consult,Residential,48.1,182.06,617.42,PAINT-667
2025-01-20,Custom Mix (Blue),In-home Consult,Commercial,46.6,114.06,667.45,PAINT-204
2025-01-21,Custom Mix (Blue),Delivery,Residential,11.0,23.63,756.83,PAINT-659
2025-01-22,Brushes Set,Delivery,Industrial,19.4,198.91,451.41,PAINT-809
2025-01-23,Custom Mix (Blue),Color Matching,Residential,25.5,126.37,551.49,PAINT-800
2025-01-24,Primer 5L,Delivery,Auto,10.8,156.31,446.6,PAINT-632
2025-01-25,Primer 5L,Color Matching,Industrial,10.1,43.83,527.42,PAINT-162
2025-01-26,Brushes Set,None,Residential,40.8,162.48,294.39,PAINT-208
2025-01-27,Primer 5L,Delivery,Auto,3.0,155.3,221.65,PAINT-675
2025-01-28,Brushes Set,Color Matching,Auto,39.6,68.04,439.19,PAINT-720
2025-01-29,Custom Mix (Blue),In-home Consult,Industrial,8.2,167.54,755.72,PAINT-370
2025-01-30,Custom Mix (Blue),None,Commercial,36.0,83.04,689.87,PAINT-684
2025-01-31,Brushes Set,Color Matching,Industrial,5.7,58.2,99.02,PAINT-511
2025-02-01,Brushes Set,Color Matching,Commercial,20.1,176.76,722.25,PAINT-551
2025-02-02,Custom Mix (Blue),In-home Consult,Commercial,9.4,137.96,225.76,PAINT-722
2025-02-03,Glossy Enamel,None,Commercial,34.0,87.07,154.13,PAINT-205
2025-02-04,Primer 5L,Delivery,Auto,24.4,139.95,697.36,PAINT-605
2025-02-05,Custom Mix (Blue),In-home Consult,Industrial,17.4,17.9,756.51,PAINT-802
2025-02-06,Primer 5L,In-home Consult,Auto,18.6,53.31,101.68,PAINT-633
2025-02-07,Matte White Base,Color Matching,Auto,47.4,133.13,562.44,PAINT-541
2025-02-08,Matte White Base,None,Residential,6.4,197.96,261.54,PAINT-458
2025-02-09,Brushes Set,Color Matching,Residential,47.8,96.51,196.73,PAINT-908
2025-02-10,Brushes Set,Color Matching,Industrial,29.5,137.58,576.6,PAINT-304
2025-02-11,Custom Mix (Blue),None,Commercial,1.5,118.69,493.59,PAINT-365
2025-02-12,Brushes Set,None,Commercial,41.4,34.2,458.25,PAINT-733
2025-02-13,Primer 5L,In-home Consult,Commercial,22.4,29.86,71.66,PAINT-619
2025-02-14,Matte White Base,In-home Consult,Industrial,19.9,146.49,428.22,PAINT-243
2025-02-15,Matte White Base,In-home Consult,Residential,25.4,156.32,312.22,PAINT-614
2025-02-16,Glossy Enamel,Color Matching,Auto,22.8,95.99,50.6,PAINT-738
2025-02-17,Brushes Set,None,Residential,15.5,177.07,126.73,PAINT-411
2025-02-18,Brushes Set,In-home Consult,Industrial,36.0,28.17,115.16,PAINT-601
2025-02-19,Matte White Base,In-home Consult,Residential,21.4,25.75,274.44,PAINT-358
2025-02-20,Primer 5L,In-home Consult,Residential,48.7,37.89,718.24,PAINT-407
2025-02-21,Custom Mix (Blue),Delivery,Auto,18.8,95.42,441.44,PAINT-120
2025-02-22,Matte White Base,Color Matching,Residential,1.2,165.4,268.79,PAINT-389
2025-02-23,Brushes Set,None,Industrial,49.2,127.46,764.55,PAINT-324
2025-02-24,Custom Mix (Blue),Color Matching,Commercial,19.4,125.45,302.34,PAINT-822
2025-02-25,Matte White Base,Color Matching,Auto,35.5,32.05,212.59,PAINT-456
2025-02-26,Glossy Enamel,In-home Consult,Auto,31.0,187.55,320.3,PAINT-399
2025-02-27,Brushes Set,None,Residential,48.2,157.78,361.4,PAINT-524
2025-02-28,Matte White Base,Delivery,Commercial,41.5,131.74,480.03,PAINT-379
2025-03-01,Matte White Base,Color Matching,Industrial,8.5,172.9,75.22,PAINT-180
2025-03-02,Brushes Set,None,Commercial,31.1,19.75,271.6,PAINT-300
2025-03-03,Glossy Enamel,Delivery,Commercial,47.6,71.59,403.92,PAINT-834
2025-03-04,Glossy Enamel,Color Matching,Residential,10.6,19.45,408.01,PAINT-456
2025-03-05,Brushes Set,In-home Consult,Auto,19.8,167.3,99.06,PAINT-522
2025-03-06,Primer 5L,Color Matching,Residential,45.1,50.28,412.31,PAINT-903
2025-03-07,Primer 5L,Delivery,Industrial,22.6,31.1,310.55,PAINT-879
2025-03-08,Brushes Set,Color Matching,Residential,16.9,86.87,528.9,PAINT-425
2025-03-09,Custom Mix (Blue),In-home Consult,Commercial,39.8,32.03,585.1,PAINT-683
2025-03-10,Matte White Base,Delivery,Residential,34.9,45.51,546.2,PAINT-738
2025-03-11,Brushes Set,In-home Consult,Industrial,47.0,16.13,786.95,PAINT-420
2025-03-12,Primer 5L,None,Industrial,9.6,49.8,338.88,PAINT-378
2025-03-13,Glossy Enamel,None,Commercial,14.0,46.69,140.05,PAINT-542
2025-03-14,Custom Mix (Blue),None,Commercial,47.3,186.55,796.63,PAINT-762
2025-03-15,Primer 5L,Color Matching,Auto,11.8,40.2,173.07,PAINT-246
2025-03-16,Matte White Base,None,Auto,1.2,92.57,525.97,PAINT-693
2025-03-17,Custom Mix (Blue),Color Matching,Residential,20.9,84.5,667.37,PAINT-601
2025-03-18,Glossy Enamel,In-home Consult,Residential,23.2,68.76,380.69,PAINT-558
2025-03-19,Brushes Set,Color Matching,Commercial,49.0,174.35,106.59,PAINT-233
2025-03-20,Primer 5L,None,Auto,32.5,164.53,185.87,PAINT-305
2025-03-21,Glossy Enamel,None,Residential,2.2,108.71,682.65,PAINT-732
2025-03-22,Primer 5L,In-home Consult,Residential,32.9,191.61,757.11,PAINT-777
2025-03-23,Brushes Set,Delivery,Industrial,3.5,179.49,585.28,PAINT-507
2025-03-24,Primer 5L,Delivery,Industrial,21.7,80.44,658.98,PAINT-110
2025-03-25,Glossy Enamel,Color Matching,Residential,18.2,130.57,434.99,PAINT-315
2025-03-26,Glossy Enamel,Color Matching,Residential,3.3,124.13,696.5,PAINT-620
2025-03-27,Brushes Set,In-home Consult,Auto,30.0,87.48,685.67,PAINT-302
2025-03-28,Primer 5L,Delivery,Commercial,4.5,125.85,438.29,PAINT-627
2025-03-29,Primer 5L,None,Industrial,33.6,70.66,160.09,PAINT-554
2025-03-30,Matte White Base,Color Matching,Industrial,9.6,121.88,676.54,PAINT-720
2025-03-31,Brushes Set,Delivery,Auto,33.8,170.71,160.68,PAINT-748
2025-04-01,Matte White Base,Color Matching,Commercial,18.1,27.27,61.29,PAINT-454
2025-04-02,Glossy Enamel,In-home Consult,Residential,3.3,199.77,334.49,PAINT-516
2025-04-03,Glossy Enamel,Delivery,Commercial,38.3,91.84,597.21,PAINT-420
2025-04-04,Glossy Enamel,Color Matching,Commercial,26.1,100.25,398.99,PAINT-420
2025-04-05,Primer 5L,In-home Consult,Commercial,7.9,145.17,585.11,PAINT-369
2025-04-06,Glossy Enamel,Color Matching,Residential,20.3,17.84,488.85,PAINT-190
2025-04-07,Primer 5L,Delivery,Residential,46.7,174.36,204.12,PAINT-461
2025-04-08,Glossy Enamel,In-home Consult,Auto,48.3,174.79,643.25,PAINT-761
2025-04-09,Brushes Set,None,Commercial,20.0,88.53,678.66,PAINT-124
2025-04-10,Brushes Set,Color Matching,Industrial,22.9,152.6,533.58,PAINT-679
2025-04-11,Glossy Enamel,Delivery,Industrial,19.6,82.96,494.26,PAINT-224
2025-04-12,Glossy Enamel,Color Matching,Commercial,9.5,164.71,208.05,PAINT-622
2025-04-13,Matte White Base,None,Auto,46.4,116.63,257.04,PAINT-559
2025-04-14,Matte White Base,Delivery,Commercial,18.4,16.09,714.61,PAINT-168
2025-04-15,Primer 5L,Delivery,Commercial,45.7,86.74,110.65,PAINT-809
2025-04-16,Brushes Set,None,Industrial,10.4,154.47,521.53,PAINT-620
2025-04-17,Brushes Set,In-home Consult,Commercial,17.5,34.02,162.23,PAINT-625
2025-04-18,Glossy Enamel,In-home Consult,Commercial,3.2,139.85,398.68,PAINT-354
2025-04-19,Custom Mix (Blue),Delivery,Commercial,13.9,177.13,223.66,PAINT-609
2025-04-20,Glossy Enamel,Color Matching,Commercial,23.0,172.0,170.05,PAINT-402
2025-04-21,Primer 5L,Color Matching,Commercial,31.6,165.21,57.61,PAINT-616
2025-04-22,Glossy Enamel,None,Residential,38.9,150.18,776.54,PAINT-494
2025-04-23,Glossy Enamel,Color Matching,Residential,46.9,20.5,321.02,PAINT-859
2025-04-24,Primer 5L,In-home Consult,Industrial,13.7,80.93,743.94,PAINT-988
2025-04-25,Custom Mix (Blue),In-home Consult,Auto,37.2,50.61,154.49,PAINT-335
2025-04-26,Matte White Base,Delivery,Industrial,15.7,44.8,274.84,PAINT-891
2025-04-27,Glossy Enamel,None,Residential,12.7,193.05,195.46,PAINT-924
2025-04-28,Matte White Base,Color Matching,Residential,27.6,195.82,643.24,PAINT-186
2025-04-29,Custom Mix (Blue),None,Auto,22.6,29.5,263.53,PAINT-267
2025-04-30,Custom Mix (Blue),In-home Consult,Commercial,16.4,29.91,291.52,PAINT-945
2025-05-01,Primer 5L,Delivery,Residential,43.4,101.6,488.98,PAINT-309
2025-05-02,Custom Mix (Blue),Color Matching,Residential,40.5,160.77,798.61,PAINT-971
2025-05-03,Matte White Base,Color Matching,Industrial,18.7,194.36,168.19,PAINT-190
2025-05-04,Custom Mix (Blue),Delivery,Industrial,29.0,68.12,158.88,PAINT-240
2025-05-05,Brushes Set,In-home Consult,Commercial,30.3,122.89,469.44,PAINT-341
2025-05-06,Matte White Base,Color Matching,Industrial,14.0,108.79,747.42,PAINT-791
2025-05-07,Custom Mix (Blue),Delivery,Commercial,46.2,99.57,788.1,PAINT-370
2025-05-08,Matte White Base,None,Industrial,49.9,25.73,58.51,PAINT-691
2025-05-09,Custom Mix (Blue),Color Matching,Commercial,49.5,137.51,450.17,PAINT-851
2025-05-10,Primer 5L,Delivery,Auto,19.5,166.67,596.69,PAINT-586
2025-05-11,Custom Mix (Blue),Delivery,Commercial,18.1,21.51,296.29,PAINT-782
2025-05-12,Brushes Set,None,Residential,6.3,10.02,271.32,PAINT-206
2025-05-13,Custom Mix (Blue),None,Auto,8.7,84.2,233.35,PAINT-798
2025-05-14,Brushes Set,In-home Consult,Residential,21.2,140.73,315.56,PAINT-565
2025-05-15,Primer 5L,None,Residential,21.0,94.58,204.26,PAINT-654
2025-05-16,Custom Mix (Blue),Color Matching,Commercial,36.9,109.37,755.05,PAINT-252
2025-05-17,Glossy Enamel,Color Matching,Commercial,40.2,120.09,563.42,PAINT-244
2025-05-18,Matte White Base,In-home Consult,Auto,27.7,89.62,259.01,PAINT-326
2025-05-19,Primer 5L,In-home Consult,Residential,44.3,113.27,415.31,PAINT-232
2025-05-20,Matte White Base,None,Auto,35.0,190.39,569.05,PAINT-375
2025-05-21,Matte White Base,None,Commercial,3.0,130.27,704.35,PAINT-944
2025-05-22,Custom Mix (Blue),In-home Consult,Industrial,43.4,119.09,207.56,PAINT-588
2025-05-23,Primer 5L,In-home Consult,Auto,39.3,90.21,391.51,PAINT-893
2025-05-24,Primer 5L,Color Matching,Industrial,21.7,152.64,481.01,PAINT-152
2025-05-25,Primer 5L,Color Matching,Auto,18.1,93.48,227.86,PAINT-203
2025-05-26,Primer 5L,Color Matching,Industrial,18.8,15.01,553.75,PAINT-343
2025-05-27,Brushes Set,Color Matching,Commercial,30.9,28.51,678.77,PAINT-667
2025-05-28,Matte White Base,None,Commercial,13.3,199.04,462.93,PAINT-349
2025-05-29,Brushes Set,None,Industrial,44.5,106.61,406.64,PAINT-977
2025-05-30,Brushes Set,Delivery,Industrial,36.4,150.08,389.11,PAINT-364
2025-05-31,Brushes Set,None,Industrial,31.3,175.19,689.54,PAINT-206
2025-06-01,Glossy Enamel,In-home Consult,Industrial,44.5,100.55,165.9,PAINT-662
2025-06-02,Glossy Enamel,None,Auto,48.8,70.62,359.77,PAINT-623
2025-06-03,Primer 5L,In-home Consult,Auto,23.2,165.05,336.76,PAINT-727
2025-06-04,Matte White Base,Delivery,Industrial,33.3,67.49,529.1,PAINT-103
2025-06-05,Brushes Set,In-home Consult,Industrial,44.1,21.82,773.54,PAINT-360
2025-06-06,Custom Mix (Blue),Delivery,Industrial,6.2,186.41,525.4,PAINT-511
2025-06-07,Brushes Set,In-home Consult,Residential,6.8,192.43,576.04,PAINT-505
2025-06-08,Matte White Base,None,Auto,17.0,152.19,69.01,PAINT-609
2025-06-09,Glossy Enamel,In-home Consult,Residential,19.2,173.89,718.45,PAINT-359
2025-06-10,Matte White Base,Delivery,Industrial,43.9,67.35,89.66,PAINT-926
2025-06-11,Glossy Enamel,None,Auto,7.5,16.41,540.88,PAINT-284
2025-06-12,Glossy Enamel,In-home Consult,Residential,11.6,161.8,709.05,PAINT-805
2025-06-13,Glossy Enamel,Delivery,Auto,3.1,36.96,523.48,PAINT-979
2025-06-14,Custom Mix (Blue),In-home Consult,Commercial,16.5,83.72,450.74,PAINT-723
2025-06-15,Brushes Set,Color Matching,Commercial,2.2,111.53,111.79,PAINT-392
2025-06-16,Primer 5L,None,Auto,27.0,157.79,732.91,PAINT-146
2025-06-17,Primer 5L,In-home Consult,Industrial,37.4,16.53,592.25,PAINT-863
2025-06-18,Brushes Set,Color Matching,Industrial,14.5,87.18,787.28,PAINT-167
2025-06-19,Primer 5L,Color Matching,Auto,26.5,143.57,525.47,PAINT-624
2025-06-20,Custom Mix (Blue),Delivery,Industrial,47.0,179.53,505.47,PAINT-259
2025-06-21,Brushes Set,Color Matching,Commercial,34.8,184.14,798.49,PAINT-110
2025-06-22,Matte White Base,In-home Consult,Residential,41.9,77.09,366.3,PAINT-457
2025-06-23,Primer 5L,Color Matching,Residential,23.9,28.06,93.17,PAINT-340
2025-06-24,Glossy Enamel,None,Auto,7.4,75.02,316.19,PAINT-193
2025-06-25,Matte White Base,None,Residential,40.2,159.95,276.31,PAINT-223
2025-06-26,Brushes Set,In-home Consult,Auto,43.1,157.77,758.59,PAINT-828
2025-06-27,Primer 5L,None,Residential,40.3,193.94,335.49,PAINT-383
2025-06-28,Glossy Enamel,Color Matching,Auto,24.3,28.91,143.92,PAINT-236
2025-06-29,Custom Mix (Blue),In-home Consult,Commercial,38.7,109.84,445.4,PAINT-329
2025-06-30,Brushes Set,Color Matching,Residential,5.6,39.95,361.63,PAINT-474
2025-07-01,Matte White Base,Color Matching,Residential,38.9,41.59,295.81,PAINT-566
2025-07-02,Brushes Set,Color Matching,Industrial,45.7,76.6,640.96,PAINT-130
2025-07-03,Glossy Enamel,Delivery,Industrial,1.2,125.09,377.43,PAINT-710
2025-07-04,Custom Mix (Blue),In-home Consult,Industrial,4.9,153.88,145.74,PAINT-124
2025-07-05,Glossy Enamel,Color Matching,Auto,40.1,127.73,791.91,PAINT-847
2025-07-06,Brushes Set,Color Matching,Residential,21.2,196.97,680.37,PAINT-393
2025-07-07,Custom Mix (Blue),Delivery,Residential,48.7,136.93,567.77,PAINT-810
2025-07-08,Primer 5L,In-home Consult,Commercial,40.2,44.44,768.8,PAINT-604
2025-07-09,Custom Mix (Blue),Color Matching,Commercial,29.7,166.81,210.72,PAINT-648
2025-07-10,Primer 5L,None,Commercial,46.9,144.71,439.31,PAINT-555
2025-07-11,Brushes Set,None,Commercial,40.5,58.79,75.14,PAINT-253
2025-07-12,Primer 5L,In-home Consult,Auto,14.5,100.5,170.88,PAINT-464
2025-07-13,Brushes Set,In-home Consult,Residential,21.8,99.06,726.11,PAINT-616
2025-07-14,Custom Mix (Blue),In-home Consult,Auto,28.5,175.66,223.85,PAINT-430
2025-07-15,Glossy Enamel,Delivery,Residential,14.9,162.21,730.99,PAINT-848
2025-07-16,Primer 5L,Delivery,Industrial,45.4,21.25,391.15,PAINT-314
2025-07-17,Custom Mix (Blue),In-home Consult,Residential,42.7,74.3,261.31,PAINT-872
2025-07-18,Custom Mix (Blue),In-home Consult,Commercial,8.2,92.6,701.04,PAINT-540
2025-07-19,Glossy Enamel,In-home Consult,Commercial,11.7,157.35,436.39,PAINT-655
2025-07-20,Brushes Set,Delivery,Auto,27.2,45.49,441.08,PAINT-246
2025-07-21,Matte White Base,None,Industrial,28.9,81.55,598.72,PAINT-865
2025-07-22,Glossy Enamel,In-home Consult,Industrial,6.9,186.81,255.85,PAINT-303
2025-07-23,Brushes Set,Delivery,Auto,30.9,54.2,243.48,PAINT-976
2025-07-24,Brushes Set,Color Matching,Auto,34.5,22.71,740.84,PAINT-128
2025-07-25,Glossy Enamel,None,Auto,32.1,19.06,778.08,PAINT-983
2025-07-26,Custom Mix (Blue),Color Matching,Industrial,4.2,168.62,397.58,PAINT-513
2025-07-27,Primer 5L,In-home Consult,Commercial,49.2,50.05,503.59,PAINT-187
2025-07-28,Glossy Enamel,Color Matching,Industrial,24.8,68.58,746.6,PAINT-253
2025-07-29,Custom Mix (Blue),None,Residential,1.5,19.82,416.09,PAINT-234
2025-07-30,Custom Mix (Blue),None,Residential,33.5,142.81,107.01,PAINT-501
2025-07-31,Custom Mix (Blue),Delivery,Industrial,14.6,158.98,407.29,PAINT-773
2025-08-01,Primer 5L,Color Matching,Commercial,24.0,40.93,706.46,PAINT-701
2025-08-02,Primer 5L,None,Commercial,26.4,167.84,506.46,PAINT-978
2025-08-03,Matte White Base,Delivery,Industrial,3.9,19.92,508.51,PAINT-458
2025-08-04,Matte White Base,Delivery,Industrial,18.5,30.47,773.91,PAINT-574
2025-08-05,Brushes Set,Color Matching,Industrial,19.3,108.62,227.11,PAINT-416
2025-08-06,Brushes Set,In-home Consult,Auto,7.0,120.82,123.44,PAINT-725
2025-08-07,Brushes Set,None,Industrial,10.2,124.95,235.76,PAINT-536
2025-08-08,Primer 5L,None,Residential,31.8,193.35,358.12,PAINT-313
2025-08-09,Matte White Base,Delivery,Industrial,20.2,46.86,777.51,PAINT-223
2025-08-10,Brushes Set,Delivery,Industrial,34.2,33.8,707.14,PAINT-764
2025-08-11,Brushes Set,Delivery,Residential,23.5,138.53,169.82,PAINT-907
2025-08-12,Brushes Set,Delivery,Industrial,10.5,10.37,290.28,PAINT-395
2025-08-13,Primer 5L,Delivery,Commercial,27.5,159.97,641.5,PAINT-237
2025-08-14,Custom Mix (Blue),Delivery,Industrial,13.1,122.86,632.22,PAINT-833
2025-08-15,Matte White Base,None,Industrial,9.5,130.66,759.68,PAINT-366
2025-08-16,Glossy Enamel,In-home Consult,Industrial,5.6,93.07,631.53,PAINT-557
2025-08-17,Brushes Set,Delivery,Industrial,27.0,104.44,230.95,PAINT-196
2025-08-18,Primer 5L,None,Industrial,41.3,101.76,323.96,PAINT-138
2025-08-19,Primer 5L,Delivery,Industrial,12.9,128.85,607.26,PAINT-468
2025-08-20,Primer 5L,In-home Consult,Auto,21.9,182.79,743.57,PAINT-703
2025-08-21,Brushes Set,In-home Consult,Commercial,21.3,150.11,51.98,PAINT-695
2025-08-22,Primer 5L,Delivery,Industrial,6.1,28.81,154.18,PAINT-662
2025-08-23,Glossy Enamel,In-home Consult,Auto,28.5,162.45,137.4,PAINT-584
2025-08-24,Glossy Enamel,Delivery,Residential,8.2,42.48,526.19,PAINT-146
2025-08-25,Brushes Set,Color Matching,Industrial,46.2,107.9,65.44,PAINT-801
2025-08-26,Custom Mix (Blue),Color Matching,Commercial,8.2,42.55,745.33,PAINT-396
2025-08-27,Custom Mix (Blue),None,Industrial,48.4,17.67,384.26,PAINT-138
2025-08-28,Brushes Set,None,Auto,43.2,23.76,777.62,PAINT-259
2025-08-29,Custom Mix (Blue),Delivery,Commercial,24.0,43.81,489.2,PAINT-612
2025-08-30,Primer 5L,None,Commercial,27.3,117.46,631.37,PAINT-802
2025-08-31,Glossy Enamel,Color Matching,Industrial,29.2,38.57,306.22,PAINT-863
2025-09-01,Matte White Base,None,Auto,4.3,170.87,750.42,PAINT-309
2025-09-02,Glossy Enamel,Color Matching,Commercial,38.8,53.12,283.54,PAINT-708
2025-09-03,Custom Mix (Blue),Color Matching,Commercial,36.4,86.34,218.82,PAINT-636
2025-09-04,Custom Mix (Blue),None,Commercial,22.4,24.16,419.72,PAINT-644
2025-09-05,Brushes Set,None,Commercial,26.4,90.87,227.14,PAINT-859
2025-09-06,Primer 5L,Delivery,Industrial,15.6,189.98,117.64,PAINT-823
2025-09-07,Glossy Enamel,Delivery,Industrial,11.2,120.75,538.41,PAINT-428
2025-09-08,Custom Mix (Blue),None,Auto,27.3,121.5,361.29,PAINT-421
2025-09-09,Matte White Base,Delivery,Auto,18.9,146.07,478.74,PAINT-818
2025-09-10,Glossy Enamel,None,Residential,48.2,121.53,636.15,PAINT-538
2025-09-11,Brushes Set,Delivery,Residential,1.9,93.02,673.21,PAINT-915
2025-09-12,Matte White Base,In-home Consult,Industrial,33.4,135.73,462.92,PAINT-143
2025-09-13,Glossy Enamel,In-home Consult,Commercial,22.1,134.12,465.18,PAINT-786
2025-09-14,Primer 5L,None,Residential,41.0,144.62,447.92,PAINT-772
2025-09-15,Custom Mix (Blue),Color Matching,Industrial,23.3,128.98,675.9,PAINT-153
2025-09-16,Brushes Set,In-home Consult,Commercial,2.8,175.74,549.09,PAINT-191
2025-09-17,Custom Mix (Blue),Color Matching,Auto,9.7,161.52,51.23,PAINT-211
2025-09-18,Brushes Set,Delivery,Auto,45.7,172.01,282.73,PAINT-684
2025-09-19,Matte White Base,In-home Consult,Auto,19.3,49.46,535.0,PAINT-877
2025-09-20,Matte White Base,Delivery,Residential,19.0,115.78,712.05,PAINT-722
2025-09-21,Matte White Base,Delivery,Commercial,40.4,102.27,213.27,PAINT-384
2025-09-22,Brushes Set,Color Matching,Residential,7.6,65.57,782.37,PAINT-532
2025-09-23,Brushes Set,None,Auto,8.6,43.02,153.68,PAINT-272
2025-09-24,Custom Mix (Blue),In-home Consult,Auto,8.4,130.73,277.94,PAINT-329
2025-09-25,Brushes Set,Delivery,Residential,29.4,52.76,302.92,PAINT-304
2025-09-26,Matte White Base,Delivery,Residential,44.6,132.38,208.6,PAINT-596
