billing_period,client_name,service_line,billable_hours,hourly_rate,software_cost,invoice_value,project_status
2023-01-01,MegaCorp,Monthly Retainer,100,300,4214.58,24254.07,Completed
2023-01-08,LocalBank,App Dev,40,0,4439.7,22504.29,Completed
2023-01-15,MegaCorp,App Dev,0,0,3579.59,43522.19,On Hold
2023-01-22,CityGov,App Dev,40,0,4444.36,36928.26,On Hold
2023-01-29,MegaCorp,App Dev,250,0,910.35,8746.03,Completed
2023-02-05,CityGov,O365 Licenses,10,0,3732.45,36974.17,Ongoing
2023-02-12,TechStart,Cyber Audit,10,200,2780.08,30225.76,On Hold
2023-02-19,LocalBank,Cyber Audit,10,200,2151.14,47530.63,Completed
2023-02-26,LocalBank,Cyber Audit,250,200,1469.6,20241.63,On Hold
2023-03-05,TechStart,App Dev,100,150,4856.6,23669.69,Completed
2023-03-12,LocalBank,O365 Licenses,10,200,4573.7,12723.2,On Hold
2023-03-19,LocalBank,Cloud Migration,100,200,4716.72,1450.59,On Hold
2023-03-26,MegaCorp,O365 Licenses,0,0,3717.78,15013.31,Ongoing
2023-04-02,CityGov,App Dev,40,300,402.57,2411.2,On Hold
2023-04-09,CityGov,Monthly Retainer,250,0,2140.35,2437.7,Ongoing
2023-04-16,TechStart,App Dev,100,200,1764.77,1826.99,Completed
2023-04-23,CityGov,O365 Licenses,100,0,4578.17,47898.85,On Hold
2023-04-30,CityGov,Cyber Audit,40,200,3871.66,39909.08,Ongoing
2023-05-07,TechStart,App Dev,250,200,397.98,37052.87,Completed
2023-05-14,MegaCorp,O365 Licenses,100,200,4733.09,44747.86,On Hold
2023-05-21,MegaCorp,Monthly Retainer,40,200,2738.36,13412.9,Completed
2023-05-28,LocalBank,App Dev,250,200,4878.85,22234.29,Ongoing
2023-06-04,CityGov,Cyber Audit,10,0,4184.12,26001.83,Ongoing
2023-06-11,TechStart,Monthly Retainer,10,0,964.97,30170.29,Ongoing
2023-06-18,TechStart,Cloud Migration,0,200,465.27,23924.44,On Hold
2023-06-25,LocalBank,Monthly Retainer,100,0,2644.71,12389.82,Completed
2023-07-02,CityGov,Cyber Audit,10,300,2296.09,38874.7,On Hold
2023-07-09,MegaCorp,Cyber Audit,250,0,2315.02,43303.64,Completed
2023-07-16,CityGov,App Dev,100,300,4051.68,19788.02,On Hold
2023-07-23,CityGov,Cloud Migration,40,0,4511.68,49946.76,Ongoing
2023-07-30,CityGov,Cloud Migration,10,0,1164.31,11625.31,Completed
2023-08-06,MegaCorp,App Dev,0,200,322.71,3013.12,On Hold
2023-08-13,MegaCorp,Monthly Retainer,100,300,3655.87,10517.66,On Hold
2023-08-20,MegaCorp,Cloud Migration,0,200,2051.02,9369.73,Completed
2023-08-27,MegaCorp,Cloud Migration,250,0,1086.82,16100.37,Completed
2023-09-03,TechStart,Monthly Retainer,250,150,2978.46,42972.64,Completed
2023-09-10,TechStart,O365 Licenses,40,150,1192.43,37392.04,On Hold
2023-09-17,LocalBank,O365 Licenses,40,0,4351.12,8046.71,Completed
2023-09-24,MegaCorp,Cyber Audit,100,200,3452.52,3618.22,On Hold
2023-10-01,CityGov,Monthly Retainer,100,200,351.85,9276.22,On Hold
2023-10-08,CityGov,Cyber Audit,0,300,4433.95,44000.79,Completed
2023-10-15,CityGov,Cloud Migration,250,300,1182.33,6853.9,Ongoing
2023-10-22,MegaCorp,Cyber Audit,40,150,96.37,24448.51,Completed
2023-10-29,TechStart,Cloud Migration,10,200,4828.83,11169.23,Ongoing
2023-11-05,CityGov,App Dev,0,300,2963.65,15743.56,Completed
2023-11-12,CityGov,Cyber Audit,0,150,2042.5,44140.13,Ongoing
2023-11-19,CityGov,Cyber Audit,0,300,370.21,19916.84,Completed
2023-11-26,TechStart,Cloud Migration,100,150,2424.95,15342.08,Ongoing
2023-12-03,MegaCorp,App Dev,100,200,1773.95,16558.0,Ongoing
2023-12-10,CityGov,Cloud Migration,0,300,3089.26,34076.87,On Hold
2023-12-17,TechStart,Cyber Audit,40,300,4986.56,44348.1,On Hold
2023-12-24,MegaCorp,O365 Licenses,40,150,3763.42,10958.6,Completed
2023-12-31,MegaCorp,Monthly Retainer,100,200,4152.14,18850.85,On Hold
2024-01-07,LocalBank,App Dev,10,0,820.76,31544.91,On Hold
2024-01-14,TechStart,Monthly Retainer,100,200,473.5,31082.47,Completed
2024-01-21,MegaCorp,O365 Licenses,40,300,135.89,49853.22,Completed
2024-01-28,LocalBank,O365 Licenses,0,0,3872.46,32681.64,On Hold
2024-02-04,TechStart,Cloud Migration,100,0,2225.71,28699.51,Completed
2024-02-11,LocalBank,O365 Licenses,0,200,1747.45,21540.26,Completed
2024-02-18,TechStart,O365 Licenses,10,200,529.28,20653.17,On Hold
2024-02-25,TechStart,App Dev,250,150,4088.12,17584.37,On Hold
2024-03-03,TechStart,App Dev,250,300,662.27,30346.63,Completed
2024-03-10,TechStart,Cloud Migration,10,0,889.35,7789.72,On Hold
2024-03-17,MegaCorp,Cloud Migration,250,150,4123.55,38018.29,Completed
2024-03-24,LocalBank,O365 Licenses,0,200,1831.68,42809.36,Completed
2024-03-31,CityGov,Cloud Migration,100,150,233.03,48827.07,Completed
2024-04-07,TechStart,O365 Licenses,40,300,3527.83,28312.84,Completed
2024-04-14,CityGov,O365 Licenses,0,300,3718.56,11678.82,Ongoing
2024-04-21,MegaCorp,Cyber Audit,0,300,2074.39,25696.38,Ongoing
2024-04-28,MegaCorp,O365 Licenses,10,0,2666.13,47291.27,Ongoing
2024-05-05,MegaCorp,App Dev,40,200,385.22,33446.91,On Hold
2024-05-12,CityGov,O365 Licenses,100,300,315.14,8197.2,On Hold
2024-05-19,TechStart,Cloud Migration,0,150,3486.28,17220.45,Ongoing
2024-05-26,TechStart,App Dev,40,150,2846.79,34608.75,Ongoing
2024-06-02,TechStart,O365 Licenses,10,0,2933.21,20809.97,On Hold
2024-06-09,TechStart,Cyber Audit,10,150,3899.88,4220.39,On Hold
2024-06-16,LocalBank,Monthly Retainer,250,300,1669.2,31973.38,Completed
2024-06-23,CityGov,Cloud Migration,250,200,1671.07,17526.25,Ongoing
2024-06-30,CityGov,Monthly Retainer,0,0,2254.07,32905.31,On Hold
2024-07-07,CityGov,O365 Licenses,40,300,4301.65,27689.0,On Hold
2024-07-14,TechStart,Cloud Migration,100,150,1919.23,10082.18,Completed
2024-07-21,LocalBank,Cyber Audit,0,150,1104.63,26989.95,On Hold
2024-07-28,TechStart,O365 Licenses,40,150,2510.61,11765.34,Completed
2024-08-04,TechStart,Cyber Audit,250,300,2558.55,34769.74,Completed
2024-08-11,MegaCorp,App Dev,0,0,4513.21,12132.39,Completed
2024-08-18,LocalBank,App Dev,40,150,159.15,5889.41,Ongoing
2024-08-25,LocalBank,Cyber Audit,100,200,4746.15,24960.21,Ongoing
2024-09-01,CityGov,App Dev,40,300,1086.73,43560.92,Ongoing
2024-09-08,MegaCorp,Monthly Retainer,0,150,4935.58,38785.31,On Hold
2024-09-15,MegaCorp,App Dev,10,0,4875.17,11934.12,Ongoing
2024-09-22,CityGov,Monthly Retainer,250,300,2064.17,11612.28,Ongoing
2024-09-29,MegaCorp,O365 Licenses,40,200,3869.8,44759.69,Completed
2024-10-06,TechStart,App Dev,40,200,3228.02,41398.14,Ongoing
2024-10-13,MegaCorp,Cyber Audit,40,200,1495.65,42638.84,Ongoing
2024-10-20,TechStart,Cloud Migration,0,150,3949.12,38263.51,On Hold
2024-10-27,CityGov,App Dev,250,200,3114.32,14987.09,On Hold
2024-11-03,TechStart,O365 Licenses,0,200,2688.3,45402.93,Ongoing
2024-11-10,CityGov,App Dev,40,300,3553.27,19467.7,On Hold
2024-11-17,MegaCorp,Cloud Migration,100,150,2933.37,12548.68,Ongoing
2024-11-24,MegaCorp,Monthly Retainer,100,150,2578.77,21946.95,On Hold
2024-12-01,LocalBank,Monthly Retainer,100,0,4385.19,49360.23,Completed
2024-12-08,MegaCorp,Cyber Audit,0,150,1057.11,8954.65,Ongoing
2024-12-15,MegaCorp,O365 Licenses,0,150,1947.56,13009.7,Completed
2024-12-22,CityGov,Monthly Retainer,250,0,3755.26,27936.85,On Hold
2024-12-29,TechStart,Monthly Retainer,40,150,4212.18,11180.56,On Hold
2025-01-05,MegaCorp,O365 Licenses,40,150,2100.21,47227.37,Completed
2025-01-12,TechStart,App Dev,100,0,1694.75,48299.14,Ongoing
2025-01-19,LocalBank,Cyber Audit,250,0,1912.91,30933.42,Completed
2025-01-26,LocalBank,Cyber Audit,100,150,2360.59,2471.26,On Hold
2025-02-02,MegaCorp,Cloud Migration,250,300,2081.61,23350.87,On Hold
2025-02-09,TechStart,App Dev,10,150,4701.14,23016.92,On Hold
2025-02-16,LocalBank,Cyber Audit,40,0,2698.66,8637.95,On Hold
2025-02-23,CityGov,Monthly Retainer,250,200,2391.92,30537.67,On Hold
2025-03-02,TechStart,Cyber Audit,250,150,4544.56,44287.9,On Hold
2025-03-09,MegaCorp,Monthly Retainer,40,300,1776.86,23874.22,On Hold
2025-03-16,LocalBank,Cyber Audit,100,150,4254.98,8897.23,Ongoing
2025-03-23,CityGov,App Dev,250,0,2642.31,22192.97,Ongoing
2025-03-30,CityGov,Monthly Retainer,40,0,1747.84,15593.82,Completed
2025-04-06,MegaCorp,Cyber Audit,0,200,1569.84,5121.66,On Hold
2025-04-13,MegaCorp,Cloud Migration,40,300,1273.7,33640.5,On Hold
2025-04-20,MegaCorp,O365 Licenses,100,0,3063.43,27400.01,On Hold
2025-04-27,TechStart,Monthly Retainer,40,0,1201.63,18279.6,Completed
2025-05-04,LocalBank,O365 Licenses,0,0,2973.18,2924.32,Completed
2025-05-11,LocalBank,Monthly Retainer,40,0,3558.71,2978.43,Completed
2025-05-18,LocalBank,O365 Licenses,0,300,3317.29,31543.17,On Hold
2025-05-25,CityGov,Monthly Retainer,0,300,2229.85,21009.88,Ongoing
2025-06-01,LocalBank,O365 Licenses,250,0,4180.8,2232.29,Ongoing
2025-06-08,CityGov,Cloud Migration,40,150,3764.3,21246.97,Ongoing
2025-06-15,LocalBank,Cloud Migration,0,200,1146.23,5470.01,Ongoing
2025-06-22,CityGov,App Dev,10,150,3765.21,18005.72,Completed
2025-06-29,MegaCorp,Cloud Migration,0,300,1522.61,7869.23,On Hold
2025-07-06,TechStart,App Dev,0,300,3177.25,33728.17,Completed
2025-07-13,MegaCorp,App Dev,0,300,2165.67,3301.75,Ongoing
2025-07-20,MegaCorp,Cloud Migration,10,0,675.02,37515.38,Completed
2025-07-27,TechStart,Monthly Retainer,250,300,3485.27,4235.8,Completed
2025-08-03,TechStart,Monthly Retainer,0,200,3685.64,46240.54,Completed
2025-08-10,LocalBank,Monthly Retainer,250,0,640.42,30448.77,On Hold
2025-08-17,TechStart,Cloud Migration,250,150,1062.27,24192.29,On Hold
2025-08-24,TechStart,Cyber Audit,100,150,2113.43,17486.55,Completed
2025-08-31,CityGov,Cyber Audit,250,300,4794.87,2301.29,Ongoing
2025-09-07,MegaCorp,Monthly Retainer,250,300,4618.23,6025.68,On Hold
2025-09-14,MegaCorp,Monthly Retainer,0,300,2166.44,22942.44,Completed
2025-09-21,MegaCorp,Cyber Audit,0,0,3697.6,10621.52,Ongoing
2025-09-28,TechStart,Cloud Migration,100,300,4640.58,13096.78,On Hold
2025-10-05,CityGov,Cloud Migration,250,200,1816.36,41157.96,Ongoing
2025-10-12,TechStart,Monthly Retainer,10,200,1713.25,23304.73,Completed
2025-10-19,LocalBank,Cloud Migration,40,200,1805.96,14233.18,Ongoing
2025-10-26,CityGov,Monthly Retainer,10,0,2513.09,41632.38,On Hold
2025-11-02,TechStart,Cyber Audit,10,0,4575.43,21812.82,Ongoing
2025-11-09,TechStart,Monthly Retainer,10,0,4175.36,3215.63,On Hold
2025-11-16,TechStart,App Dev,0,200,933.74,32358.96,On Hold
2025-11-23,LocalBank,Monthly Retainer,0,150,4466.34,39715.24,Completed
2025-11-30,LocalBank,Cyber Audit,250,200,188.25,9454.43,On Hold
2025-12-07,CityGov,Cyber Audit,0,300,2990.35,21603.69,Completed
2025-12-14,LocalBank,App Dev,250,0,3031.55,37223.16,Ongoing
2025-12-21,MegaCorp,O365 Licenses,100,150,1839.82,33530.57,Ongoing
2025-12-28,TechStart,O365 Licenses,0,200,593.25,1693.9,Completed
2026-01-04,MegaCorp,App Dev,100,0,3479.63,18053.62,Ongoing
2026-01-11,TechStart,Cloud Migration,250,0,1616.98,10568.08,On Hold
2026-01-18,LocalBank,O365 Licenses,10,150,1255.33,17221.84,Ongoing
2026-01-25,LocalBank,Monthly Retainer,100,300,3444.64,20376.46,Completed
2026-02-01,MegaCorp,Cyber Audit,100,200,3479.68,1588.3,Ongoing
2026-02-08,MegaCorp,O365 Licenses,10,150,3811.72,19382.67,On Hold
2026-02-15,MegaCorp,Cloud Migration,250,300,1615.26,41191.07,On Hold
2026-02-22,CityGov,Cloud Migration,100,150,1557.56,2089.21,Completed
2026-03-01,CityGov,App Dev,0,0,3985.88,14245.21,Completed
2026-03-08,LocalBank,Cloud Migration,0,150,3345.03,48381.87,On Hold
2026-03-15,CityGov,Cyber Audit,250,200,4353.44,2744.58,On Hold
2026-03-22,MegaCorp,O365 Licenses,10,300,2397.98,49452.81,Ongoing
2026-03-29,LocalBank,App Dev,0,300,2892.76,18993.71,On Hold
2026-04-05,MegaCorp,Cyber Audit,250,150,611.62,29181.78,On Hold
2026-04-12,LocalBank,App Dev,0,0,222.25,45987.0,Completed
2026-04-19,MegaCorp,Cyber Audit,100,150,3030.15,42045.67,Ongoing
2026-04-26,TechStart,Cyber Audit,100,300,1389.42,17852.43,Ongoing
2026-05-03,MegaCorp,Cloud Migration,0,200,1554.74,33148.26,Completed
2026-05-10,TechStart,Monthly Retainer,10,300,1407.37,31556.85,Ongoing
2026-05-17,CityGov,Cyber Audit,40,150,3168.7,14653.72,Ongoing
2026-05-24,LocalBank,Monthly Retainer,10,300,883.17,9259.42,Ongoing
2026-05-31,MegaCorp,App Dev,100,150,286.29,16078.82,Completed
2026-06-07,LocalBank,Cloud Migration,0,0,1836.06,2253.17,Ongoing
2026-06-14,LocalBank,Cloud Migration,40,150,2428.41,5415.73,On Hold
2026-06-21,TechStart,Monthly Retainer,250,0,3987.16,15625.37,On Hold
2026-06-28,LocalBank,Monthly Retainer,100,0,2082.81,35229.28,Completed
2026-07-05,CityGov,Cyber Audit,40,0,896.32,6984.72,Ongoing
2026-07-12,LocalBank,Cloud Migration,100,0,122.47,36386.44,Ongoing
2026-07-19,MegaCorp,Cyber Audit,250,300,298.21,34758.27,Completed
2026-07-26,LocalBank,Cyber Audit,10,150,3819.4,46624.62,Completed
2026-08-02,CityGov,App Dev,250,150,4268.67,22519.33,Completed
2026-08-09,LocalBank,Monthly Retainer,0,300,3126.41,25261.77,Ongoing
2026-08-16,CityGov,Monthly Retainer,100,200,3720.63,46230.13,Completed
2026-08-23,MegaCorp,Cyber Audit,100,150,2304.63,40050.46,Completed
2026-08-30,TechStart,Monthly Retainer,10,200,2334.19,21769.75,Ongoing
2026-09-06,CityGov,Cyber Audit,0,300,3707.39,30657.96,Ongoing
2026-09-13,TechStart,Cyber Audit,100,150,310.89,38141.76,Completed
2026-09-20,LocalBank,App Dev,40,300,255.15,29849.95,On Hold
2026-09-27,LocalBank,O365 Licenses,250,150,2768.26,1500.99,Ongoing
2026-10-04,TechStart,Monthly Retainer,10,300,2587.56,12187.21,Ongoing
2026-10-11,TechStart,O365 Licenses,250,0,4249.45,10359.09,On Hold
2026-10-18,CityGov,Cyber Audit,0,300,459.16,9722.61,On Hold
2026-10-25,LocalBank,App Dev,250,150,1417.54,36505.46,On Hold
2026-11-01,LocalBank,Cyber Audit,40,150,879.28,10257.51,Completed
2026-11-08,TechStart,Monthly Retainer,250,200,4909.73,21753.99,Completed
2026-11-15,LocalBank,Cloud Migration,40,200,304.82,36185.85,Completed
2026-11-22,TechStart,Cyber Audit,40,200,1498.05,4562.34,On Hold
2026-11-29,TechStart,Cyber Audit,10,0,3459.41,49475.04,Ongoing
2026-12-06,CityGov,App Dev,0,0,3365.59,32857.29,Ongoing
2026-12-13,LocalBank,Cloud Migration,250,300,402.3,46707.04,Ongoing
2026-12-20,LocalBank,Cyber Audit,40,200,4404.78,47268.23,Ongoing
2026-12-27,TechStart,O365 Licenses,100,150,4779.43,22444.46,Ongoing
2027-01-03,TechStart,App Dev,100,300,3807.4,39975.12,Completed
2027-01-10,LocalBank,App Dev,100,150,4646.61,11700.3,Ongoing
2027-01-17,TechStart,Cloud Migration,250,150,352.37,47569.1,Completed
2027-01-24,CityGov,Monthly Retainer,10,200,1043.25,38940.24,On Hold
2027-01-31,TechStart,Cloud Migration,40,150,3505.36,40185.3,Completed
2027-02-07,LocalBank,O365 Licenses,250,0,2314.34,4612.69,Ongoing
2027-02-14,LocalBank,App Dev,0,200,548.12,29883.86,Completed
2027-02-21,CityGov,Cloud Migration,10,300,2386.64,30881.35,Completed
2027-02-28,LocalBank,Cloud Migration,0,150,2793.74,30072.16,On Hold
2027-03-07,MegaCorp,App Dev,100,0,2249.91,15157.5,On Hold
2027-03-14,CityGov,Monthly Retainer,100,0,2520.64,47382.41,On Hold
2027-03-21,MegaCorp,O365 Licenses,100,150,224.87,28996.12,Ongoing
2027-03-28,MegaCorp,O365 Licenses,100,200,2992.2,38489.45,Completed
2027-04-04,CityGov,Monthly Retainer,250,300,41.56,32519.88,Completed
2027-04-11,TechStart,O365 Licenses,0,150,1543.72,10562.87,Ongoing
2027-04-18,MegaCorp,App Dev,100,0,4180.45,16267.92,On Hold
2027-04-25,LocalBank,Monthly Retainer,0,150,2035.06,24788.58,On Hold
2027-05-02,LocalBank,Cloud Migration,10,150,1438.89,13756.79,Completed
2027-05-09,CityGov,Monthly Retainer,250,200,395.11,10628.06,Ongoing
2027-05-16,CityGov,Cloud Migration,100,300,4420.68,13828.78,Ongoing
2027-05-23,CityGov,O365 Licenses,40,150,1272.35,14267.48,On Hold
2027-05-30,TechStart,Monthly Retainer,250,200,3067.77,25470.29,Ongoing
2027-06-06,CityGov,O365 Licenses,100,200,651.37,41686.08,Ongoing
2027-06-13,CityGov,Cloud Migration,0,0,3568.56,11754.36,On Hold
2027-06-20,TechStart,Cloud Migration,250,150,2458.16,9562.42,Ongoing
2027-06-27,TechStart,Monthly Retainer,0,150,2877.63,25988.06,On Hold
2027-07-04,CityGov,App Dev,100,150,3728.82,30321.84,On Hold
2027-07-11,MegaCorp,Cloud Migration,250,150,4141.8,12820.08,On Hold
2027-07-18,CityGov,App Dev,10,150,350.37,47951.57,Completed
2027-07-25,MegaCorp,Monthly Retainer,0,300,3180.82,26967.33,Completed
2027-08-01,LocalBank,Cloud Migration,40,200,3233.72,30218.44,On Hold
2027-08-08,CityGov,Cyber Audit,250,300,3077.36,24701.83,Ongoing
2027-08-15,MegaCorp,Cloud Migration,10,300,3387.85,24177.42,On Hold
2027-08-22,CityGov,Monthly Retainer,40,200,2800.61,11563.62,Completed
2027-08-29,CityGov,Cloud Migration,250,300,506.46,26064.65,Completed
2027-09-05,CityGov,O365 Licenses,10,150,3323.88,34479.76,Ongoing
2027-09-12,MegaCorp,Cyber Audit,250,300,174.03,24420.1,On Hold
2027-09-19,LocalBank,Cloud Migration,40,0,4886.89,44262.98,On Hold
2027-09-26,TechStart,Cyber Audit,100,300,3661.34,19579.45,Completed
2027-10-03,MegaCorp,Cloud Migration,10,0,4525.48,14358.31,On Hold
2027-10-10,LocalBank,Monthly Retainer,40,0,2130.85,45016.16,On Hold
2027-10-17,CityGov,App Dev,0,150,1482.42,30260.38,Completed
2027-10-24,TechStart,Cloud Migration,40,0,631.89,10215.7,Ongoing
2027-10-31,LocalBank,Cloud Migration,40,200,2067.18,3299.23,Ongoing
2027-11-07,LocalBank,App Dev,40,300,3492.12,2497.82,Ongoing
2027-11-14,MegaCorp,Cyber Audit,100,150,1795.48,3543.1,Ongoing
2027-11-21,MegaCorp,Monthly Retainer,250,0,3173.28,22320.96,Ongoing
2027-11-28,TechStart,Cloud Migration,40,200,4056.98,22898.03,Completed
2027-12-05,MegaCorp,Monthly Retainer,40,200,3073.56,30166.69,Completed
2027-12-12,LocalBank,O365 Licenses,10,150,2287.01,33212.57,Completed
2027-12-19,MegaCorp,O365 Licenses,40,0,1922.3,33989.9,On Hold
2027-12-26,CityGov,Cloud Migration,100,300,2101.89,9104.32,Completed
2028-01-02,MegaCorp,Cloud Migration,100,0,3307.62,11207.76,Ongoing
2028-01-09,LocalBank,Monthly Retainer,100,200,1818.04,1186.41,Ongoing
2028-01-16,CityGov,Cyber Audit,0,200,2963.27,40312.22,Completed
2028-01-23,LocalBank,Cloud Migration,40,150,1075.03,47676.98,On Hold
2028-01-30,MegaCorp,Monthly Retainer,100,200,1937.44,19351.78,On Hold
2028-02-06,CityGov,App Dev,10,300,3087.42,12454.26,Ongoing
2028-02-13,MegaCorp,Monthly Retainer,250,0,488.09,47027.25,On Hold
2028-02-20,TechStart,O365 Licenses,100,200,540.97,7375.47,On Hold
2028-02-27,LocalBank,Cyber Audit,100,150,3665.15,9443.37,On Hold
2028-03-05,LocalBank,O365 Licenses,100,200,4209.42,49798.71,On Hold
2028-03-12,MegaCorp,Monthly Retainer,10,0,3343.19,10351.25,On Hold
2028-03-19,MegaCorp,Cloud Migration,0,150,1755.8,30705.01,Ongoing
2028-03-26,TechStart,Cloud Migration,250,0,1570.1,4100.57,On Hold
2028-04-02,MegaCorp,Cyber Audit,100,200,4147.15,49515.07,On Hold
2028-04-09,TechStart,Cloud Migration,10,200,2936.28,35863.42,On Hold
2028-04-16,CityGov,Cloud Migration,250,150,2519.17,5899.22,On Hold
2028-04-23,MegaCorp,App Dev,40,150,4817.26,19192.59,Completed
2028-04-30,CityGov,O365 Licenses,100,300,4668.91,2612.11,Completed
2028-05-07,LocalBank,Monthly Retainer,0,0,2384.07,49134.63,Ongoing
2028-05-14,CityGov,Cloud Migration,40,150,2521.32,24316.33,On Hold
2028-05-21,TechStart,Cyber Audit,250,0,2170.12,11027.02,On Hold
2028-05-28,CityGov,O365 Licenses,0,150,4571.05,33686.0,On Hold
2028-06-04,MegaCorp,O365 Licenses,10,300,2662.51,35406.23,Ongoing
2028-06-11,MegaCorp,App Dev,10,150,4479.27,5685.17,Completed
2028-06-18,CityGov,App Dev,10,150,3524.26,48551.88,Ongoing
2028-06-25,MegaCorp,Cloud Migration,100,150,1592.56,22009.06,Ongoing
2028-07-02,LocalBank,Cyber Audit,10,200,1618.9,18392.04,On Hold
2028-07-09,LocalBank,Cyber Audit,250,300,2014.05,7361.16,Ongoing
2028-07-16,TechStart,Cloud Migration,0,300,4663.72,19156.48,Completed
2028-07-23,MegaCorp,Monthly Retainer,100,200,1399.67,48267.52,On Hold
2028-07-30,MegaCorp,O365 Licenses,100,300,390.05,10886.57,Completed
2028-08-06,CityGov,O365 Licenses,40,0,3174.03,31619.68,Ongoing
2028-08-13,TechStart,O365 Licenses,100,200,483.06,16773.43,Ongoing
2028-08-20,CityGov,Monthly Retainer,0,150,4451.46,16727.69,Completed
2028-08-27,CityGov,Cloud Migration,250,150,673.05,23403.6,On Hold
2028-09-03,CityGov,Cloud Migration,250,200,3851.86,7023.52,On Hold
2028-09-10,LocalBank,App Dev,100,200,4272.44,49226.96,Completed
2028-09-17,CityGov,App Dev,0,0,3494.04,13524.2,Ongoing
2028-09-24,TechStart,Cloud Migration,250,0,4425.92,13069.39,Completed
2028-10-01,LocalBank,Cyber Audit,250,0,2102.26,20715.21,Ongoing
2028-10-08,CityGov,Monthly Retainer,250,200,2013.77,19350.42,On Hold
2028-10-15,MegaCorp,Monthly Retainer,250,200,3048.82,35535.63,Ongoing
2028-10-22,LocalBank,O365 Licenses,250,0,1393.69,11872.92,Completed
2028-10-29,MegaCorp,Cyber Audit,40,150,4124.22,6853.12,Completed
2028-11-05,TechStart,App Dev,0,0,1968.19,45147.61,Completed
2028-11-12,LocalBank,Cyber Audit,40,0,2343.44,34621.89,On Hold
2028-11-19,LocalBank,Cyber Audit,10,200,2196.43,47020.9,On Hold
2028-11-26,MegaCorp,O365 Licenses,10,200,2821.72,48754.78,Ongoing
2028-12-03,CityGov,O365 Licenses,0,200,1375.49,40017.59,Completed
2028-12-10,MegaCorp,Cyber Audit,0,200,2129.31,24054.26,Ongoing
2028-12-17,TechStart,O365 Licenses,100,150,4243.1,11630.01,Completed
2028-12-24,MegaCorp,Monthly Retainer,0,200,4393.56,49456.72,On Hold
2028-12-31,CityGov,O365 Licenses,10,150,4115.02,8287.57,On Hold
2029-01-07,LocalBank,Cyber Audit,250,200,2353.95,34725.17,On Hold
2029-01-14,CityGov,Cyber Audit,250,0,44.08,8915.24,Completed
2029-01-21,CityGov,Cyber Audit,40,200,4769.8,40865.33,On Hold
2029-01-28,CityGov,Monthly Retainer,100,200,3054.91,40822.47,On Hold
2029-02-04,TechStart,Monthly Retainer,40,200,4881.57,42001.63,Ongoing
2029-02-11,MegaCorp,Monthly Retainer,40,150,2890.19,2892.77,Completed
2029-02-18,CityGov,Monthly Retainer,10,300,138.51,39659.03,Completed
2029-02-25,TechStart,App Dev,0,300,2512.97,20159.52,Ongoing
2029-03-04,CityGov,Cloud Migration,10,200,1514.53,48000.4,Completed
2029-03-11,LocalBank,Cyber Audit,250,150,3563.74,5512.6,On Hold
2029-03-18,LocalBank,Monthly Retainer,100,0,730.35,9984.95,Ongoing
2029-03-25,TechStart,App Dev,100,150,4871.19,30909.52,Completed
2029-04-01,LocalBank,App Dev,0,200,1589.27,4568.95,Ongoing
2029-04-08,CityGov,O365 Licenses,10,300,3426.46,29283.06,On Hold
2029-04-15,CityGov,Monthly Retainer,250,300,3270.47,23220.52,On Hold
2029-04-22,CityGov,App Dev,10,300,4675.11,7706.34,Completed
2029-04-29,TechStart,Cyber Audit,0,300,1909.04,41506.47,On Hold
2029-05-06,CityGov,App Dev,100,300,4558.97,39363.55,Ongoing
2029-05-13,LocalBank,Cyber Audit,40,0,3490.12,10848.08,On Hold
2029-05-20,CityGov,Monthly Retainer,40,200,120.51,30978.13,Completed
2029-05-27,CityGov,App Dev,40,300,4515.8,33503.8,Completed
2029-06-03,LocalBank,Cloud Migration,0,0,3920.38,25782.08,Completed
2029-06-10,CityGov,Cloud Migration,10,150,1070.96,26807.1,Completed
2029-06-17,LocalBank,O365 Licenses,250,150,4365.7,10955.62,On Hold
2029-06-24,MegaCorp,App Dev,100,200,4020.5,31423.33,On Hold
2029-07-01,LocalBank,Cloud Migration,100,300,576.64,20793.13,Ongoing
2029-07-08,CityGov,Monthly Retainer,100,0,2436.31,42532.78,Ongoing
2029-07-15,MegaCorp,App Dev,40,0,1709.79,14907.77,On Hold
2029-07-22,CityGov,App Dev,250,300,4161.79,9028.63,On Hold
2029-07-29,CityGov,Cyber Audit,40,200,2117.15,23882.78,On Hold
2029-08-05,MegaCorp,App Dev,10,300,4358.36,41629.53,Ongoing
2029-08-12,LocalBank,App Dev,10,150,4440.87,21395.74,On Hold
2029-08-19,LocalBank,Monthly Retainer,100,150,98.21,16564.48,Ongoing
2029-08-26,MegaCorp,Cyber Audit,0,300,2291.89,37974.69,Completed
2029-09-02,LocalBank,O365 Licenses,10,150,810.71,35301.52,Completed
2029-09-09,CityGov,Cloud Migration,40,300,741.66,22458.52,On Hold
2029-09-16,LocalBank,Monthly Retainer,100,300,3486.28,48922.58,On Hold
2029-09-23,LocalBank,Cyber Audit,0,150,2508.81,39538.15,Completed
2029-09-30,LocalBank,Cloud Migration,40,300,3140.3,25673.62,Completed
2029-10-07,CityGov,Cyber Audit,40,0,2406.68,1525.76,On Hold
2029-10-14,CityGov,O365 Licenses,40,300,3640.73,32353.89,Completed
2029-10-21,LocalBank,App Dev,10,150,2567.2,49607.85,Completed
2029-10-28,MegaCorp,Cyber Audit,100,300,276.46,47623.49,On Hold
2029-11-04,MegaCorp,Cyber Audit,250,200,4003.58,33086.71,Completed
2029-11-11,MegaCorp,O365 Licenses,10,300,2022.8,20656.3,Completed
2029-11-18,MegaCorp,Cyber Audit,250,200,1392.47,17772.26,On Hold
2029-11-25,MegaCorp,Cyber Audit,100,300,4640.9,35684.77,Ongoing
2029-12-02,TechStart,Cloud Migration,0,150,3160.45,32565.65,On Hold
2029-12-09,LocalBank,O365 Licenses,100,300,540.47,39383.9,Completed
2029-12-16,TechStart,Cloud Migration,10,300,3135.69,25309.37,Completed
2029-12-23,CityGov,Cloud Migration,100,300,2408.63,23265.29,On Hold
2029-12-30,CityGov,Cloud Migration,40,300,4643.54,39170.56,On Hold
2030-01-06,LocalBank,Cyber Audit,10,300,45.13,35691.93,Completed
2030-01-13,MegaCorp,Cloud Migration,10,150,4357.87,3429.02,Completed
2030-01-20,CityGov,Cyber Audit,100,300,129.57,7923.24,On Hold
2030-01-27,LocalBank,Monthly Retainer,0,300,2132.97,5094.37,On Hold
2030-02-03,CityGov,Cloud Migration,0,200,34.69,43545.32,On Hold
2030-02-10,MegaCorp,Cloud Migration,0,300,4568.65,20645.06,Completed
2030-02-17,TechStart,O365 Licenses,100,200,993.77,22141.75,On Hold
2030-02-24,LocalBank,Cyber Audit,100,0,3023.55,23091.16,On Hold
2030-03-03,MegaCorp,Cyber Audit,10,300,4967.13,3133.99,On Hold
2030-03-10,MegaCorp,Cyber Audit,100,150,3405.94,6769.24,On Hold
2030-03-17,CityGov,O365 Licenses,40,300,684.44,47664.08,Completed
2030-03-24,TechStart,O365 Licenses,0,300,4639.83,3207.67,On Hold
2030-03-31,TechStart,App Dev,100,300,3279.78,39400.44,On Hold
2030-04-07,LocalBank,Monthly Retainer,40,200,3556.55,14733.86,On Hold
2030-04-14,CityGov,Cyber Audit,250,300,748.23,28863.01,Ongoing
2030-04-21,CityGov,O365 Licenses,250,0,3269.18,19789.62,Completed
2030-04-28,CityGov,Cyber Audit,0,300,1135.84,38494.52,Ongoing
2030-05-05,MegaCorp,Monthly Retainer,10,300,3111.97,21134.21,On Hold
2030-05-12,LocalBank,O365 Licenses,100,200,2326.31,2345.15,Ongoing
2030-05-19,LocalBank,Cyber Audit,250,300,471.22,41218.39,Completed
2030-05-26,MegaCorp,Monthly Retainer,40,300,2175.28,22005.53,Completed
2030-06-02,MegaCorp,Cyber Audit,250,0,4016.89,10440.62,Completed
2030-06-09,CityGov,Cyber Audit,40,300,4768.22,31265.46,Ongoing
2030-06-16,LocalBank,Cloud Migration,0,200,3805.5,40403.9,Completed
2030-06-23,LocalBank,App Dev,100,200,90.65,38962.15,On Hold
2030-06-30,MegaCorp,O365 Licenses,40,150,802.66,24747.47,Ongoing
2030-07-07,MegaCorp,Cloud Migration,10,150,2283.4,27747.52,Completed
2030-07-14,CityGov,Monthly Retainer,100,0,891.53,6397.71,On Hold
2030-07-21,LocalBank,Cloud Migration,100,150,121.01,5142.79,Completed
2030-07-28,CityGov,Monthly Retainer,100,300,4157.47,44738.88,Completed
2030-08-04,TechStart,Monthly Retainer,250,200,4871.63,8114.09,Ongoing
2030-08-11,CityGov,App Dev,0,200,2911.13,9388.23,Ongoing
2030-08-18,MegaCorp,App Dev,100,150,2007.31,7115.82,On Hold
2030-08-25,CityGov,Cyber Audit,0,300,1938.01,46439.39,On Hold
2030-09-01,MegaCorp,O365 Licenses,10,200,860.02,20804.01,Ongoing
2030-09-08,TechStart,Cloud Migration,0,150,359.15,28403.35,On Hold
2030-09-15,MegaCorp,O365 Licenses,0,300,316.98,35716.99,Ongoing
2030-09-22,MegaCorp,Cyber Audit,40,150,4822.66,49944.2,On Hold
2030-09-29,CityGov,O365 Licenses,10,150,245.43,8699.52,Ongoing
2030-10-06,CityGov,Cloud Migration,40,0,3187.8,10072.04,Ongoing
2030-10-13,LocalBank,Monthly Retainer,250,150,392.48,32998.41,On Hold
2030-10-20,LocalBank,Monthly Retainer,250,150,3017.21,15661.45,Ongoing
2030-10-27,CityGov,App Dev,0,150,4965.91,10120.84,Ongoing
2030-11-03,MegaCorp,App Dev,0,150,3697.75,10214.11,Ongoing
2030-11-10,CityGov,Cloud Migration,250,200,38.32,22404.03,On Hold
2030-11-17,MegaCorp,Cyber Audit,10,0,3272.51,19497.56,On Hold
2030-11-24,LocalBank,Monthly Retainer,0,300,3006.35,28347.54,Completed
2030-12-01,LocalBank,O365 Licenses,40,0,4048.23,29382.39,On Hold
2030-12-08,LocalBank,Cloud Migration,100,200,4364.51,26625.97,On Hold
2030-12-15,CityGov,Cloud Migration,100,300,1954.45,30263.04,On Hold
2030-12-22,LocalBank,Monthly Retainer,250,0,2022.31,22769.69,Completed
2030-12-29,LocalBank,Cloud Migration,250,300,1245.27,25397.95,On Hold
2031-01-05,TechStart,Monthly Retainer,10,0,1847.91,49006.56,On Hold
2031-01-12,MegaCorp,O365 Licenses,0,200,2831.51,6648.64,Ongoing
2031-01-19,MegaCorp,O365 Licenses,10,200,4707.17,20538.77,On Hold
2031-01-26,CityGov,App Dev,250,200,3855.08,20303.09,Ongoing
2031-02-02,TechStart,Cloud Migration,0,0,1760.29,17022.27,Completed
2031-02-09,TechStart,Cloud Migration,10,150,1462.34,27405.3,Ongoing
2031-02-16,TechStart,Cloud Migration,0,0,3991.35,26358.5,On Hold
2031-02-23,MegaCorp,Monthly Retainer,10,300,1864.29,14840.69,On Hold
2031-03-02,MegaCorp,Cloud Migration,40,150,1855.52,40902.48,Ongoing
2031-03-09,MegaCorp,O365 Licenses,40,200,3140.9,18785.64,On Hold
2031-03-16,LocalBank,App Dev,250,200,125.14,46819.26,Ongoing
2031-03-23,MegaCorp,Cyber Audit,100,200,3762.27,35829.28,Completed
2031-03-30,LocalBank,App Dev,40,300,1141.17,15230.96,On Hold
2031-04-06,LocalBank,O365 Licenses,10,200,4016.56,22734.62,Ongoing
2031-04-13,TechStart,O365 Licenses,250,150,2341.54,36348.87,Completed
2031-04-20,TechStart,Monthly Retainer,10,0,2943.81,13168.94,On Hold
2031-04-27,CityGov,Cloud Migration,0,300,3274.83,22758.94,On Hold
2031-05-04,LocalBank,Monthly Retainer,250,150,491.14,39122.36,Completed
2031-05-11,CityGov,Monthly Retainer,250,300,4483.11,10106.03,Ongoing
2031-05-18,TechStart,App Dev,250,200,379.57,11326.12,Ongoing
2031-05-25,TechStart,Cloud Migration,100,300,3941.23,23310.62,Completed
2031-06-01,TechStart,App Dev,250,150,4167.75,1078.77,On Hold
2031-06-08,TechStart,App Dev,100,0,3960.29,47971.14,Ongoing
2031-06-15,CityGov,Cyber Audit,0,300,3778.12,39144.73,Ongoing
2031-06-22,CityGov,App Dev,100,150,537.71,3786.13,Completed
2031-06-29,CityGov,App Dev,10,200,3048.36,11556.84,Completed
2031-07-06,MegaCorp,Cloud Migration,100,150,4800.16,12688.16,On Hold
2031-07-13,LocalBank,App Dev,0,300,3994.69,23004.38,Ongoing
2031-07-20,CityGov,App Dev,0,200,3483.45,18730.67,Completed
2031-07-27,MegaCorp,App Dev,10,300,35.4,35477.83,Completed
2031-08-03,LocalBank,App Dev,250,200,94.48,37511.22,Ongoing
2031-08-10,TechStart,Monthly Retainer,250,150,1390.4,29459.47,Completed
2031-08-17,TechStart,Cyber Audit,10,200,556.35,19776.73,Ongoing
2031-08-24,TechStart,Monthly Retainer,0,0,799.27,17945.56,Ongoing
2031-08-31,CityGov,App Dev,250,200,1610.53,13279.13,Ongoing
2031-09-07,LocalBank,O365 Licenses,40,300,2186.2,20967.71,On Hold
2031-09-14,CityGov,Cloud Migration,100,200,1789.59,5768.59,Ongoing
2031-09-21,CityGov,O365 Licenses,0,200,2214.94,42188.44,On Hold
2031-09-28,LocalBank,Monthly Retainer,250,0,4524.5,12862.03,Completed
2031-10-05,MegaCorp,Cyber Audit,250,0,165.61,31524.84,Ongoing
2031-10-12,TechStart,O365 Licenses,10,0,4576.98,22618.01,Ongoing
2031-10-19,CityGov,Cloud Migration,250,150,4952.91,4803.78,Ongoing
2031-10-26,MegaCorp,Cyber Audit,10,200,39.28,19095.83,Ongoing
2031-11-02,MegaCorp,O365 Licenses,100,0,2406.42,8996.87,Ongoing
2031-11-09,CityGov,Cyber Audit,40,300,4179.37,36016.0,Ongoing
2031-11-16,MegaCorp,Cloud Migration,0,300,749.8,36413.04,Completed
2031-11-23,LocalBank,Monthly Retainer,0,150,1474.56,34729.16,Ongoing
2031-11-30,TechStart,Monthly Retainer,0,150,3238.54,20899.08,On Hold
2031-12-07,CityGov,Cyber Audit,250,200,1103.59,12906.49,Completed
2031-12-14,TechStart,O365 Licenses,10,200,2091.77,33467.15,Ongoing
2031-12-21,LocalBank,O365 Licenses,100,150,1176.81,7351.12,On Hold
2031-12-28,TechStart,Monthly Retainer,250,200,36.35,20297.24,Completed
2032-01-04,CityGov,Cloud Migration,250,200,1564.51,48170.52,On Hold
2032-01-11,MegaCorp,App Dev,10,150,74.7,23071.31,Completed
2032-01-18,TechStart,Cloud Migration,10,150,1502.52,17878.64,Ongoing
2032-01-25,TechStart,Cloud Migration,100,200,4621.83,42216.71,Completed
2032-02-01,MegaCorp,O365 Licenses,100,150,4416.13,24912.34,Ongoing
2032-02-08,MegaCorp,Cyber Audit,100,150,2066.1,40441.52,On Hold
2032-02-15,LocalBank,O365 Licenses,40,150,1394.84,44619.84,Ongoing
2032-02-22,LocalBank,Monthly Retainer,250,200,4064.63,47390.36,On Hold
2032-02-29,TechStart,Monthly Retainer,100,150,4513.96,38823.07,Ongoing
2032-03-07,CityGov,Cloud Migration,250,200,2430.65,31978.63,Ongoing
2032-03-14,LocalBank,App Dev,0,0,2902.42,36937.47,Ongoing
2032-03-21,CityGov,O365 Licenses,10,150,4846.6,39180.36,On Hold
2032-03-28,CityGov,App Dev,0,200,886.3,3059.65,On Hold
2032-04-04,TechStart,Monthly Retainer,100,300,261.55,3958.47,On Hold
2032-04-11,MegaCorp,Cyber Audit,40,0,4358.92,15583.12,On Hold
2032-04-18,CityGov,App Dev,250,200,3940.38,43101.14,On Hold
2032-04-25,LocalBank,O365 Licenses,250,150,4255.29,46407.02,Completed
2032-05-02,LocalBank,O365 Licenses,100,150,1492.11,44374.47,Ongoing
2032-05-09,LocalBank,O365 Licenses,0,200,4797.35,42274.7,Ongoing
2032-05-16,TechStart,App Dev,0,300,561.5,22940.25,Ongoing
2032-05-23,LocalBank,Monthly Retainer,0,300,3830.69,16593.94,On Hold
2032-05-30,LocalBank,Cloud Migration,40,300,2098.47,9709.42,On Hold
2032-06-06,LocalBank,O365 Licenses,40,200,119.06,43261.39,Completed
2032-06-13,CityGov,Cyber Audit,10,150,4497.25,25251.16,Completed
2032-06-20,TechStart,O365 Licenses,0,0,3332.95,41686.7,Completed
2032-06-27,LocalBank,Cyber Audit,100,300,1870.06,20935.66,Completed
2032-07-04,MegaCorp,Monthly Retainer,10,200,4978.6,28428.42,Completed
2032-07-11,CityGov,App Dev,10,0,3313.73,33229.45,Ongoing
2032-07-18,CityGov,O365 Licenses,100,0,1913.88,15845.63,Completed
2032-07-25,TechStart,Cloud Migration,40,300,494.97,27293.99,Completed
2032-08-01,CityGov,Cyber Audit,10,300,609.08,31190.86,On Hold
2032-08-08,LocalBank,App Dev,0,200,760.02,31928.45,Completed
2032-08-15,TechStart,App Dev,0,200,3447.71,20836.14,Ongoing
2032-08-22,MegaCorp,Cloud Migration,0,200,3304.74,39484.41,Ongoing
2032-08-29,TechStart,Cyber Audit,100,150,1038.58,2804.07,Completed
2032-09-05,TechStart,Cyber Audit,10,0,1798.11,2806.16,Completed
2032-09-12,MegaCorp,Cloud Migration,100,0,4337.18,42905.04,Ongoing
2032-09-19,LocalBank,O365 Licenses,10,150,2945.94,29328.39,Ongoing
2032-09-26,MegaCorp,App Dev,0,200,4228.77,34450.31,Completed
2032-10-03,LocalBank,Cloud Migration,10,300,1193.93,19157.51,Completed
2032-10-10,LocalBank,Cyber Audit,100,0,918.64,10502.52,Ongoing
2032-10-17,TechStart,Cyber Audit,10,0,3411.74,14630.58,Ongoing
2032-10-24,TechStart,Monthly Retainer,0,300,3289.77,48943.89,Completed
2032-10-31,TechStart,Cloud Migration,100,200,1992.53,5925.16,Completed
2032-11-07,TechStart,Monthly Retainer,0,200,241.29,24150.17,On Hold
2032-11-14,LocalBank,Cyber Audit,100,0,4193.18,22394.19,Ongoing
2032-11-21,LocalBank,App Dev,10,200,1617.26,17859.24,On Hold
2032-11-28,TechStart,Cloud Migration,40,150,4184.09,3371.94,Completed
2032-12-05,CityGov,Cyber Audit,0,200,3365.54,49754.16,Completed
2032-12-12,CityGov,Cyber Audit,100,150,3229.6,3502.66,Completed
2032-12-19,CityGov,O365 Licenses,0,150,3821.68,9756.59,Completed
2032-12-26,TechStart,Cloud Migration,0,300,1760.3,6988.0,Completed
2033-01-02,LocalBank,Cloud Migration,250,0,805.51,37814.73,On Hold
2033-01-09,LocalBank,Monthly Retainer,250,200,4327.78,39001.1,Completed
2033-01-16,MegaCorp,Cyber Audit,10,0,2188.57,4720.65,Ongoing
2033-01-23,LocalBank,O365 Licenses,10,200,4101.6,40939.07,On Hold
2033-01-30,TechStart,O365 Licenses,0,0,4004.73,18885.38,Completed
2033-02-06,TechStart,O365 Licenses,0,0,4354.19,35318.81,Completed
2033-02-13,LocalBank,App Dev,10,300,590.08,47086.5,Completed
2033-02-20,CityGov,Cyber Audit,40,300,1118.47,4394.54,Ongoing
2033-02-27,TechStart,Cyber Audit,250,0,1462.56,4458.65,On Hold
2033-03-06,MegaCorp,Cloud Migration,40,200,654.32,49988.4,Completed
2033-03-13,CityGov,Monthly Retainer,250,0,3334.43,33999.17,On Hold
2033-03-20,CityGov,Monthly Retainer,0,200,3737.44,14712.41,Completed
2033-03-27,LocalBank,Monthly Retainer,0,0,2601.36,22617.03,On Hold
2033-04-03,CityGov,O365 Licenses,100,150,1164.07,40310.87,Completed
2033-04-10,LocalBank,App Dev,40,0,1958.69,12717.42,Completed
2033-04-17,CityGov,Monthly Retainer,100,200,2640.23,46624.81,Completed
2033-04-24,LocalBank,O365 Licenses,100,0,534.28,34331.29,Completed
2033-05-01,CityGov,Cloud Migration,0,150,2444.31,8030.63,Completed
2033-05-08,LocalBank,Monthly Retainer,40,0,1911.91,4471.3,Completed
2033-05-15,LocalBank,Monthly Retainer,250,150,2593.86,15912.96,Completed
2033-05-22,LocalBank,Cloud Migration,100,300,558.11,49650.15,Completed
2033-05-29,LocalBank,App Dev,40,300,855.0,15415.03,Ongoing
2033-06-05,LocalBank,Cloud Migration,40,0,2309.91,10102.31,Completed
2033-06-12,MegaCorp,O365 Licenses,250,150,4289.79,40294.61,Ongoing
2033-06-19,LocalBank,App Dev,10,300,1578.74,1532.06,On Hold
2033-06-26,MegaCorp,Cyber Audit,0,150,3596.61,11391.27,Ongoing
2033-07-03,LocalBank,Cyber Audit,10,150,1592.8,39685.02,Ongoing
2033-07-10,MegaCorp,App Dev,40,0,3821.5,5050.47,Ongoing
2033-07-17,TechStart,App Dev,10,0,147.16,13578.01,Completed
2033-07-24,CityGov,Cyber Audit,10,200,3186.61,5843.67,Ongoing
2033-07-31,LocalBank,Cyber Audit,10,300,2059.32,45015.64,On Hold
2033-08-07,MegaCorp,Cyber Audit,40,150,296.01,22457.05,Completed
2033-08-14,MegaCorp,Cyber Audit,0,200,3974.28,2527.06,Ongoing
2033-08-21,CityGov,Cyber Audit,0,300,4588.63,27748.31,Completed
2033-08-28,LocalBank,App Dev,100,150,3273.55,24142.63,Ongoing
2033-09-04,CityGov,O365 Licenses,0,300,194.73,30288.8,Ongoing
2033-09-11,TechStart,O365 Licenses,100,300,4211.41,6938.99,Completed
2033-09-18,TechStart,Cyber Audit,10,300,4128.84,3246.3,Ongoing
2033-09-25,TechStart,Monthly Retainer,40,300,54.24,14572.7,On Hold
2033-10-02,TechStart,Cloud Migration,10,200,1312.92,25059.34,On Hold
2033-10-09,LocalBank,App Dev,250,200,103.51,31875.3,Ongoing
2033-10-16,MegaCorp,App Dev,0,150,4359.65,30261.45,Completed
2033-10-23,MegaCorp,Cyber Audit,250,300,389.71,27898.03,Ongoing
2033-10-30,MegaCorp,Cloud Migration,250,150,3262.28,41849.49,Completed
2033-11-06,CityGov,Cyber Audit,0,200,1488.94,15644.58,On Hold
2033-11-13,TechStart,O365 Licenses,0,300,3939.51,38771.8,Completed
2033-11-20,LocalBank,Monthly Retainer,40,150,731.58,14334.57,Completed
2033-11-27,TechStart,App Dev,10,200,3133.05,43937.47,Completed
2033-12-04,TechStart,Cloud Migration,40,300,2991.91,42870.96,On Hold
2033-12-11,LocalBank,Cloud Migration,10,150,2584.93,30753.11,Completed
2033-12-18,LocalBank,Monthly Retainer,250,200,708.41,20814.3,Ongoing
2033-12-25,MegaCorp,Monthly Retainer,10,300,3660.47,44074.65,Ongoing
2034-01-01,LocalBank,Cyber Audit,250,150,956.08,10305.81,Completed
2034-01-08,MegaCorp,Cyber Audit,250,300,3244.46,17728.85,Ongoing
2034-01-15,LocalBank,Monthly Retainer,40,0,1405.12,19251.54,On Hold
2034-01-22,MegaCorp,Cloud Migration,40,300,2529.47,3587.51,On Hold
2034-01-29,LocalBank,Cloud Migration,0,200,2860.33,28809.71,Completed
2034-02-05,LocalBank,Cloud Migration,250,0,4762.03,15596.63,Ongoing
2034-02-12,MegaCorp,App Dev,100,200,898.53,40101.19,On Hold
2034-02-19,CityGov,Monthly Retainer,10,150,2172.45,45952.7,Ongoing
2034-02-26,CityGov,App Dev,0,200,2656.37,15982.4,Ongoing
2034-03-05,TechStart,App Dev,40,300,2528.02,27213.67,On Hold
2034-03-12,LocalBank,App Dev,10,200,2010.15,40755.2,Completed
2034-03-19,MegaCorp,Monthly Retainer,0,300,461.11,7641.71,Ongoing
2034-03-26,LocalBank,App Dev,250,200,900.73,43186.73,Completed
2034-04-02,TechStart,Monthly Retainer,10,300,887.17,48668.26,Completed
2034-04-09,MegaCorp,O365 Licenses,40,300,3482.0,7245.48,Ongoing
2034-04-16,CityGov,O365 Licenses,10,150,1562.08,1711.02,On Hold
2034-04-23,MegaCorp,Cloud Migration,40,200,2904.09,43420.64,Ongoing
2034-04-30,TechStart,Cloud Migration,40,300,2758.09,33887.99,Ongoing
2034-05-07,LocalBank,Cloud Migration,0,0,1444.51,9307.95,On Hold
2034-05-14,TechStart,O365 Licenses,250,150,3787.92,15404.69,On Hold
2034-05-21,CityGov,App Dev,40,150,713.02,22404.21,Completed
2034-05-28,LocalBank,App Dev,100,300,40.92,29652.8,Ongoing
2034-06-04,LocalBank,O365 Licenses,100,300,4572.17,36965.79,On Hold
2034-06-11,LocalBank,Cloud Migration,10,0,4525.31,16472.27,On Hold
2034-06-18,MegaCorp,Monthly Retainer,10,200,1290.44,7499.57,Completed
2034-06-25,CityGov,Cloud Migration,100,0,3843.62,30661.88,On Hold
2034-07-02,MegaCorp,Cyber Audit,250,0,1776.4,30558.83,On Hold
2034-07-09,TechStart,App Dev,10,200,1160.48,34732.97,Ongoing
2034-07-16,CityGov,O365 Licenses,250,0,972.48,39544.24,Ongoing
2034-07-23,CityGov,Cyber Audit,40,0,1937.53,10614.0,Completed
2034-07-30,LocalBank,Cyber Audit,40,150,214.62,39122.57,Ongoing
2034-08-06,LocalBank,App Dev,40,0,2776.25,37139.64,Completed
2034-08-13,CityGov,O365 Licenses,10,200,3001.24,9674.44,On Hold
2034-08-20,LocalBank,Monthly Retainer,0,300,2169.11,49302.93,Ongoing
2034-08-27,CityGov,Monthly Retainer,0,150,4890.12,14287.37,Ongoing
2034-09-03,TechStart,Cloud Migration,250,150,248.4,39957.77,Ongoing
2034-09-10,LocalBank,App Dev,100,300,4909.03,38164.64,Completed
2034-09-17,TechStart,Monthly Retainer,10,150,2161.26,41491.93,Ongoing
2034-09-24,CityGov,O365 Licenses,0,300,2749.51,41838.21,On Hold
2034-10-01,LocalBank,Cyber Audit,250,150,3403.14,39408.56,Completed
2034-10-08,CityGov,Cloud Migration,0,300,3421.49,22703.61,Ongoing
2034-10-15,CityGov,App Dev,10,300,176.46,17586.47,Completed
2034-10-22,CityGov,O365 Licenses,40,150,4687.07,33594.49,Completed
2034-10-29,TechStart,O365 Licenses,10,300,4149.97,41593.06,Ongoing
2034-11-05,TechStart,Cloud Migration,100,300,2496.8,29596.38,Completed
2034-11-12,MegaCorp,App Dev,0,300,2424.38,28663.56,Completed
2034-11-19,MegaCorp,Cyber Audit,10,150,2977.21,1788.26,On Hold
2034-11-26,MegaCorp,Cyber Audit,40,300,2582.15,6180.44,Completed
2034-12-03,CityGov,Cloud Migration,100,150,2115.26,29974.92,Ongoing
2034-12-10,MegaCorp,Cyber Audit,10,150,4093.72,45302.43,On Hold
2034-12-17,CityGov,Monthly Retainer,0,150,3060.12,1395.78,Completed
2034-12-24,MegaCorp,Monthly Retainer,10,300,3116.34,6135.44,On Hold
2034-12-31,LocalBank,O365 Licenses,250,300,396.46,12001.4,Ongoing
2035-01-07,MegaCorp,O365 Licenses,250,300,357.55,41751.4,Completed
2035-01-14,LocalBank,Cyber Audit,0,0,217.53,28850.69,Completed
2035-01-21,CityGov,Monthly Retainer,250,150,1945.59,4086.59,Ongoing
2035-01-28,MegaCorp,Monthly Retainer,100,0,53.45,8317.84,On Hold
2035-02-04,TechStart,App Dev,250,200,3715.81,29270.11,On Hold
2035-02-11,TechStart,Monthly Retainer,40,0,1100.05,27694.75,On Hold
2035-02-18,CityGov,Monthly Retainer,10,300,3387.94,7258.69,Completed
2035-02-25,MegaCorp,Cloud Migration,0,200,1678.77,22212.28,Ongoing
2035-03-04,LocalBank,Cloud Migration,10,200,1285.32,11917.51,Completed
2035-03-11,TechStart,Monthly Retainer,250,300,2610.2,35390.47,On Hold
2035-03-18,MegaCorp,App Dev,100,150,3344.42,14480.35,On Hold
2035-03-25,MegaCorp,Monthly Retainer,10,300,2470.46,33537.24,Completed
2035-04-01,TechStart,App Dev,40,300,922.27,16205.83,Ongoing
2035-04-08,MegaCorp,Monthly Retainer,100,300,1728.6,20697.88,On Hold
2035-04-15,LocalBank,App Dev,100,150,4817.42,30200.75,On Hold
2035-04-22,LocalBank,Monthly Retainer,10,150,2464.71,33822.36,On Hold
2035-04-29,TechStart,Cyber Audit,250,0,4557.18,49628.47,Ongoing
2035-05-06,MegaCorp,Monthly Retainer,40,300,570.62,28694.57,Completed
2035-05-13,TechStart,Cloud Migration,10,200,2712.37,4107.34,Ongoing
2035-05-20,MegaCorp,App Dev,0,150,505.19,21749.58,On Hold
2035-05-27,CityGov,Cloud Migration,0,300,4158.33,17228.55,On Hold
2035-06-03,LocalBank,Cyber Audit,10,150,4756.16,46362.62,Completed
2035-06-10,LocalBank,Monthly Retainer,250,200,4375.56,32598.85,Completed
2035-06-17,CityGov,Monthly Retainer,250,300,2171.01,11740.83,Completed
2035-06-24,TechStart,Cyber Audit,0,0,3778.05,44480.92,Completed
2035-07-01,CityGov,Cloud Migration,100,200,2151.79,28216.24,Ongoing
2035-07-08,MegaCorp,O365 Licenses,0,200,890.54,46688.41,Ongoing
2035-07-15,TechStart,Cyber Audit,10,300,2112.1,46205.97,Completed
2035-07-22,LocalBank,O365 Licenses,100,150,2385.53,23929.57,Completed
2035-07-29,CityGov,O365 Licenses,100,300,4004.48,31256.09,Completed
2035-08-05,MegaCorp,Cloud Migration,100,200,351.91,23591.3,Ongoing
2035-08-12,LocalBank,O365 Licenses,100,300,2547.65,38526.15,On Hold
2035-08-19,MegaCorp,O365 Licenses,0,200,3829.61,40839.83,Completed
2035-08-26,MegaCorp,Monthly Retainer,10,200,305.4,30175.28,Ongoing
2035-09-02,TechStart,App Dev,0,150,3155.71,40351.91,On Hold
2035-09-09,LocalBank,Monthly Retainer,40,0,4447.09,11944.55,On Hold
2035-09-16,LocalBank,Cyber Audit,10,0,4098.6,3901.0,On Hold
2035-09-23,LocalBank,Cyber Audit,40,300,2267.59,16758.17,Completed
2035-09-30,TechStart,App Dev,0,0,2304.02,20373.32,Completed
2035-10-07,MegaCorp,Cyber Audit,40,200,4479.43,5772.16,On Hold
2035-10-14,TechStart,Monthly Retainer,10,0,407.6,2832.21,On Hold
2035-10-21,CityGov,Cyber Audit,10,150,1667.77,11281.12,On Hold
2035-10-28,CityGov,Cyber Audit,0,0,4287.89,31846.33,Completed
2035-11-04,CityGov,Monthly Retainer,10,300,1285.65,40493.32,On Hold
2035-11-11,TechStart,Cloud Migration,0,150,531.74,35865.81,Completed
2035-11-18,MegaCorp,O365 Licenses,250,0,4452.4,46114.39,On Hold
2035-11-25,MegaCorp,App Dev,100,200,2360.75,43971.18,On Hold
2035-12-02,TechStart,O365 Licenses,40,0,2382.64,40877.94,Completed
2035-12-09,TechStart,O365 Licenses,250,0,4048.93,27400.67,On Hold
2035-12-16,MegaCorp,Cloud Migration,100,300,1545.3,6565.9,Ongoing
2035-12-23,CityGov,Monthly Retainer,250,200,972.22,12705.54,Completed
2035-12-30,TechStart,Monthly Retainer,10,0,2223.26,26457.76,Completed
2036-01-06,MegaCorp,App Dev,0,200,4258.59,2121.99,Completed
2036-01-13,MegaCorp,Cloud Migration,40,200,4729.63,30969.3,Completed
2036-01-20,MegaCorp,Cyber Audit,0,200,3091.43,30661.31,Ongoing
2036-01-27,CityGov,Cloud Migration,10,300,4281.96,46671.48,Completed
2036-02-03,MegaCorp,App Dev,250,200,3476.93,3511.15,Ongoing
2036-02-10,TechStart,O365 Licenses,10,300,1821.38,18028.01,On Hold
2036-02-17,MegaCorp,Cyber Audit,100,0,1994.54,27509.44,Completed
2036-02-24,TechStart,App Dev,100,150,1936.87,36270.49,Ongoing
2036-03-02,LocalBank,App Dev,250,150,4313.56,36946.65,On Hold
2036-03-09,TechStart,O365 Licenses,100,300,1997.45,48427.4,Completed
2036-03-16,CityGov,Cyber Audit,10,0,2487.27,6767.95,Completed
2036-03-23,TechStart,Cloud Migration,250,150,3154.06,7252.87,Ongoing
2036-03-30,MegaCorp,Monthly Retainer,250,300,293.19,25004.1,On Hold
2036-04-06,CityGov,Monthly Retainer,250,150,1645.29,6569.09,On Hold
2036-04-13,LocalBank,O365 Licenses,100,200,2727.51,16078.65,Ongoing
2036-04-20,CityGov,Cyber Audit,0,150,1525.13,45410.41,Completed
2036-04-27,MegaCorp,Cloud Migration,40,150,1515.12,4861.76,Completed
2036-05-04,MegaCorp,O365 Licenses,10,200,4000.0,37529.53,Completed
2036-05-11,LocalBank,O365 Licenses,250,150,1807.05,18529.06,Completed
2036-05-18,LocalBank,Cyber Audit,10,300,2012.97,16166.43,On Hold
2036-05-25,LocalBank,Cyber Audit,10,200,690.17,3459.89,On Hold
2036-06-01,LocalBank,Monthly Retainer,250,150,3987.65,20114.45,On Hold
2036-06-08,CityGov,App Dev,40,200,911.99,3535.47,Ongoing
2036-06-15,TechStart,Cyber Audit,0,150,2923.99,42127.03,On Hold
2036-06-22,TechStart,Cyber Audit,40,300,2065.75,21677.72,On Hold
2036-06-29,CityGov,Monthly Retainer,40,200,543.99,8464.21,Completed
2036-07-06,TechStart,Cyber Audit,0,150,1448.7,17535.94,Ongoing
2036-07-13,TechStart,Cloud Migration,10,200,4790.19,9053.03,Ongoing
2036-07-20,CityGov,O365 Licenses,0,300,2756.32,30282.36,Ongoing
2036-07-27,LocalBank,Monthly Retainer,100,150,443.28,34072.75,On Hold
2036-08-03,CityGov,O365 Licenses,40,0,4974.83,14264.02,Completed
2036-08-10,LocalBank,App Dev,100,300,3431.77,20309.14,Ongoing
2036-08-17,TechStart,O365 Licenses,250,150,688.68,33064.45,Completed
2036-08-24,LocalBank,Cloud Migration,100,300,2427.45,48290.16,Ongoing
2036-08-31,MegaCorp,Cyber Audit,10,300,532.26,29512.67,Completed
2036-09-07,MegaCorp,Monthly Retainer,0,0,4238.56,49055.56,On Hold
2036-09-14,CityGov,App Dev,250,150,3351.43,42298.8,On Hold
2036-09-21,CityGov,App Dev,40,300,1658.5,8183.42,On Hold
2036-09-28,TechStart,O365 Licenses,10,300,4742.43,12973.44,Completed
2036-10-05,TechStart,App Dev,10,300,135.42,10587.38,Ongoing
2036-10-12,LocalBank,Cyber Audit,100,300,727.24,16792.72,Ongoing
2036-10-19,LocalBank,Cloud Migration,40,0,838.45,3421.95,Ongoing
2036-10-26,TechStart,Cyber Audit,250,300,3441.92,33630.59,Completed
2036-11-02,LocalBank,Cyber Audit,0,0,2704.82,44378.06,Ongoing
2036-11-09,LocalBank,Monthly Retainer,10,200,2448.14,36904.15,On Hold
2036-11-16,CityGov,Cyber Audit,40,150,307.21,7156.65,Ongoing
2036-11-23,TechStart,O365 Licenses,40,200,4879.29,40705.3,Ongoing
2036-11-30,MegaCorp,Cloud Migration,10,150,1437.02,36279.63,Ongoing
2036-12-07,TechStart,Cloud Migration,0,0,65.09,41908.08,On Hold
2036-12-14,TechStart,Monthly Retainer,40,0,3167.9,6929.13,On Hold
2036-12-21,TechStart,Cyber Audit,40,0,539.13,20823.58,On Hold
2036-12-28,LocalBank,Monthly Retainer,0,150,3127.12,32260.87,Ongoing
2037-01-04,TechStart,App Dev,250,300,3493.65,2404.52,Completed
2037-01-11,MegaCorp,App Dev,0,300,2383.7,39921.41,On Hold
2037-01-18,MegaCorp,Monthly Retainer,10,0,2176.4,6068.15,Ongoing
2037-01-25,TechStart,App Dev,10,300,4599.86,21149.5,On Hold
2037-02-01,TechStart,Cyber Audit,100,0,3023.71,34340.0,On Hold
2037-02-08,CityGov,Monthly Retainer,250,150,4650.2,39405.5,Completed
2037-02-15,LocalBank,Cyber Audit,0,200,2828.56,40169.33,On Hold
2037-02-22,CityGov,Cloud Migration,0,150,327.1,29330.27,On Hold
2037-03-01,MegaCorp,Monthly Retainer,0,200,2073.67,1905.02,On Hold
2037-03-08,TechStart,Monthly Retainer,40,150,1744.98,36103.66,Ongoing
2037-03-15,CityGov,Cloud Migration,250,200,3375.46,15684.11,Completed
2037-03-22,LocalBank,App Dev,100,0,28.2,42954.65,Completed
2037-03-29,TechStart,Monthly Retainer,0,0,4494.96,48303.58,Completed
2037-04-05,TechStart,Monthly Retainer,0,0,2278.32,32579.02,Completed
2037-04-12,LocalBank,Cloud Migration,10,150,1053.08,27092.38,Ongoing
2037-04-19,MegaCorp,Cyber Audit,100,0,2135.6,22567.88,Ongoing
2037-04-26,LocalBank,App Dev,40,200,1145.89,40259.39,Ongoing
2037-05-03,TechStart,O365 Licenses,40,0,1796.12,34812.6,On Hold
2037-05-10,LocalBank,Cyber Audit,250,300,3312.45,20618.88,Completed
2037-05-17,CityGov,Monthly Retainer,40,300,4598.92,31029.22,Ongoing
2037-05-24,LocalBank,O365 Licenses,0,300,3647.58,15243.59,Completed
2037-05-31,TechStart,Cloud Migration,10,0,2499.71,23306.38,Ongoing
2037-06-07,LocalBank,O365 Licenses,100,200,2116.76,4721.56,Ongoing
2037-06-14,TechStart,O365 Licenses,0,0,4660.33,48078.25,Completed
2037-06-21,CityGov,App Dev,100,0,3003.52,17366.98,Ongoing
2037-06-28,TechStart,Cyber Audit,40,150,3274.16,16120.96,Completed
2037-07-05,CityGov,Monthly Retainer,100,150,1313.99,5328.25,Completed
2037-07-12,CityGov,Cloud Migration,10,150,3782.97,20009.4,Completed
2037-07-19,CityGov,Monthly Retainer,250,150,809.11,37300.01,On Hold
2037-07-26,LocalBank,Cloud Migration,0,150,2199.21,33713.56,On Hold
2037-08-02,MegaCorp,Monthly Retainer,100,0,568.38,21921.85,On Hold
2037-08-09,CityGov,App Dev,250,0,3086.53,37067.6,Ongoing
2037-08-16,CityGov,Cyber Audit,100,0,3551.68,5873.83,On Hold
2037-08-23,TechStart,O365 Licenses,0,150,2604.62,33152.38,Ongoing
2037-08-30,LocalBank,O365 Licenses,250,150,4344.03,19152.53,On Hold
2037-09-06,LocalBank,O365 Licenses,100,300,3835.71,47781.03,Ongoing
2037-09-13,LocalBank,Cloud Migration,250,300,4245.43,29742.68,Completed
2037-09-20,TechStart,O365 Licenses,10,0,4697.31,46099.89,Ongoing
2037-09-27,CityGov,Cyber Audit,10,0,797.49,30577.45,On Hold
2037-10-04,CityGov,Monthly Retainer,0,200,207.83,46275.72,Ongoing
2037-10-11,MegaCorp,Cloud Migration,250,0,407.22,6854.7,Completed
2037-10-18,CityGov,Monthly Retainer,0,200,2109.38,30312.11,Completed
2037-10-25,LocalBank,Cyber Audit,100,300,4953.26,42781.79,Completed
2037-11-01,MegaCorp,Monthly Retainer,250,200,2551.74,37720.02,On Hold
2037-11-08,LocalBank,Cyber Audit,100,0,1019.24,1373.69,Completed
2037-11-15,CityGov,App Dev,250,0,2954.29,23417.78,Completed
2037-11-22,MegaCorp,App Dev,250,300,4545.56,42702.5,Ongoing
2037-11-29,CityGov,Cyber Audit,0,0,2896.2,45493.37,Completed
2037-12-06,TechStart,O365 Licenses,10,150,788.96,31315.17,On Hold
2037-12-13,MegaCorp,O365 Licenses,40,300,3438.05,48200.43,On Hold
2037-12-20,TechStart,Cyber Audit,10,300,4574.14,7342.92,Completed
2037-12-27,CityGov,O365 Licenses,250,0,2389.45,39365.18,Ongoing
2038-01-03,MegaCorp,Monthly Retainer,0,0,1394.58,20027.78,Completed
2038-01-10,MegaCorp,O365 Licenses,250,150,1891.49,2781.9,Ongoing
2038-01-17,TechStart,App Dev,40,300,2626.49,40910.85,Completed
2038-01-24,MegaCorp,Monthly Retainer,250,0,3201.56,18560.3,On Hold
2038-01-31,TechStart,Cloud Migration,40,150,311.67,34793.69,Completed
2038-02-07,CityGov,Cyber Audit,250,0,1462.79,16815.83,On Hold
2038-02-14,CityGov,Monthly Retainer,0,150,4215.94,40629.66,On Hold
2038-02-21,TechStart,Cyber Audit,40,150,4385.57,18644.12,On Hold
2038-02-28,LocalBank,Cloud Migration,10,300,4808.35,7178.04,Ongoing
2038-03-07,LocalBank,App Dev,0,150,4247.02,2014.11,Ongoing
2038-03-14,MegaCorp,App Dev,40,200,1144.16,30017.75,Ongoing
2038-03-21,TechStart,Cloud Migration,250,150,1277.01,36099.97,On Hold
2038-03-28,CityGov,Cyber Audit,0,0,1721.95,18027.38,Completed
2038-04-04,LocalBank,Cyber Audit,0,0,3961.96,36581.69,Ongoing
2038-04-11,TechStart,Monthly Retainer,250,200,4554.22,18486.8,Ongoing
2038-04-18,MegaCorp,App Dev,40,300,3095.78,16559.28,Completed
2038-04-25,LocalBank,App Dev,100,300,295.63,3223.83,On Hold
